player_id,grade_level,level,attempt,time_s,errors,hints_used,completed,timestamp
P001,7,1,1,43.2,5,1,1,2026-10-09T08:02:44
P001,7,2,1,98.7,3,1,1,2026-10-09T18:04:56
P001,7,3,1,85.0,7,0,1,2026-10-09T18:08:55
P001,7,4,1,120.2,6,0,1,2026-10-09T18:12:48
P001,7,5,1,116.9,4,2,1,2026-10-09T18:16:43
P001,7,6,1,62.3,2,5,1,2026-10-09T18:21:01
P001,7,7,1,98.9,2,2,0,2026-10-09T18:24:54
P001,7,7,2,178.8,11,1,1,2026-10-09T18:27:00
P001,7,8,1,57.2,4,3,0,2026-10-10T00:31:18
P001,7,8,2,71.5,2,2,1,2026-10-10T00:35:28
P002,6,1,1,13.9,0,0,1,2026-10-07T12:30:27
P003,6,1,1,69.5,2,1,1,2026-10-13T08:04:37
P003,6,2,1,73.6,8,0,1,2026-10-14T05:06:11
P003,6,3,1,93.1,7,2,1,2026-10-14T11:10:22
P004,7,1,1,38.4,2,1,0,2026-10-07T11:10:43
P005,6,1,1,17.6,0,0,1,2026-10-13T12:25:46
P005,6,2,1,46.3,2,0,1,2026-10-13T12:28:59
P005,6,3,1,26.5,1,0,1,2026-10-13T12:31:09
P005,6,4,1,43.7,4,0,1,2026-10-13T19:34:30
P005,6,5,1,30.4,1,1,1,2026-10-13T19:38:21
P005,6,6,1,40.6,0,0,1,2026-10-14T12:40:57
P005,6,7,1,60.7,2,0,0,2026-10-14T20:44:26
P005,6,7,2,62.9,1,1,1,2026-10-14T20:48:01
P005,6,8,1,45.7,3,1,0,2026-10-14T20:50:20
P005,6,8,2,44.4,4,0,1,2026-10-14T20:52:51
P006,7,1,1,37.4,0,2,1,2026-10-12T14:12:36
P006,7,2,1,78.9,4,0,0,2026-10-13T16:15:14
P007,7,1,1,51.3,2,2,1,2026-10-10T08:44:26
P007,7,2,1,82.9,6,0,1,2026-10-11T07:48:03
P007,7,3,1,91.6,3,0,1,2026-10-11T07:49:56
P007,7,4,1,187.3,7,5,1,2026-10-12T06:53:27
P007,7,5,1,80.3,6,0,0,2026-10-13T19:58:06
P007,7,5,2,65.4,5,0,1,2026-10-13T19:59:46
P007,7,6,1,117.4,8,1,0,2026-10-13T20:01:19
P007,7,6,2,138.3,8,3,1,2026-10-13T20:06:18
P007,7,7,1,113.0,4,4,0,2026-10-13T20:11:02
P007,7,7,2,78.1,3,3,1,2026-10-13T20:14:01
P007,7,8,1,74.6,3,4,1,2026-10-15T09:17:15
P008,6,1,1,33.5,1,0,1,2026-10-07T10:39:49
P008,6,2,1,25.5,2,1,1,2026-10-08T03:41:48
P008,6,3,1,33.8,1,0,1,2026-10-09T18:42:50
P008,6,4,1,89.0,1,0,1,2026-10-09T18:45:34
P008,6,5,1,44.9,1,0,1,2026-10-09T18:49:52
P008,6,6,1,45.0,1,0,1,2026-10-09T18:51:28
P008,6,7,1,81.7,1,0,1,2026-10-09T18:54:48
P008,6,8,1,66.5,3,0,0,2026-10-11T00:57:53
P008,6,8,2,57.8,3,0,1,2026-10-11T01:02:15
P009,6,1,1,32.6,2,1,0,2026-10-11T13:10:54
P009,6,1,2,59.7,2,0,1,2026-10-11T13:14:04
P009,6,2,1,33.2,0,2,1,2026-10-11T13:15:39
P009,6,3,1,54.3,0,1,1,2026-10-11T13:17:12
P009,6,4,1,80.2,3,2,0,2026-10-11T13:19:24
P009,6,4,2,100.0,3,1,0,2026-10-11T13:21:14
P009,6,4,3,93.3,5,4,1,2026-10-11T13:25:51
P009,6,5,1,69.2,4,1,0,2026-10-11T13:30:26
P009,6,5,2,37.3,3,1,1,2026-10-11T13:33:22
P009,6,6,1,48.5,3,0,0,2026-10-12T11:34:37
P009,6,6,2,122.5,3,2,0,2026-10-12T11:36:09
P010,6,1,1,61.6,3,0,0,2026-10-11T12:49:17
P010,6,1,2,50.8,1,0,1,2026-10-11T12:52:55
P010,6,2,1,68.0,1,2,1,2026-10-12T11:54:06
P010,6,3,1,78.2,4,3,0,2026-10-12T11:57:59
P010,6,3,2,56.1,0,1,1,2026-10-12T12:01:32
P010,6,4,1,149.7,5,8,1,2026-10-12T12:05:39
P010,6,5,1,71.9,1,3,1,2026-10-12T12:09:37
P010,6,6,1,91.7,8,2,0,2026-10-12T18:12:31
P010,6,6,2,101.9,3,3,1,2026-10-12T18:16:30
P010,6,7,1,91.0,4,2,0,2026-10-12T18:20:57
P010,6,7,2,81.5,3,1,1,2026-10-12T18:25:40
P010,6,8,1,125.3,5,6,1,2026-10-13T20:27:23
P011,6,1,1,72.8,1,2,1,2026-10-05T09:31:41
P011,6,2,1,77.9,7,1,0,2026-10-05T09:33:24
P012,6,1,1,17.0,0,0,1,2026-10-13T14:00:57
P012,6,2,1,31.9,2,0,1,2026-10-14T20:01:37
P012,6,3,1,32.1,2,2,1,2026-10-15T16:03:06
P012,6,4,1,53.2,1,3,1,2026-10-16T05:05:11
P012,6,5,1,34.7,1,1,1,2026-10-16T05:07:41
P012,6,6,1,25.1,1,0,1,2026-10-16T05:11:09
P012,6,7,1,35.4,0,0,1,2026-10-16T05:12:54
P012,6,8,1,44.5,4,0,1,2026-10-16T05:15:35
P013,7,1,1,40.7,3,1,1,2026-10-10T08:57:10
P013,7,2,1,42.9,1,0,1,2026-10-10T09:00:31
P013,7,3,1,33.2,1,1,1,2026-10-10T09:04:24
P013,7,4,1,227.1,6,1,1,2026-10-10T23:05:26
P013,7,5,1,60.3,5,2,1,2026-10-12T11:10:55
P013,7,6,1,76.4,0,0,1,2026-10-13T14:14:27
P013,7,7,1,71.8,7,1,0,2026-10-13T14:18:52
P013,7,7,2,65.2,1,2,1,2026-10-13T14:21:26
P013,7,8,1,93.6,5,2,0,2026-10-15T01:25:15
P013,7,8,2,86.7,5,1,1,2026-10-15T01:28:40
P014,6,1,1,71.7,3,1,0,2026-10-10T08:59:46
P014,6,1,2,50.2,2,2,1,2026-10-10T09:03:50
P014,6,2,1,94.3,2,0,1,2026-10-10T09:07:35
P014,6,3,1,74.3,4,2,0,2026-10-10T09:11:02
P014,6,3,2,88.8,3,2,0,2026-10-10T09:14:39
P014,6,3,3,63.1,1,0,1,2026-10-10T09:19:23
P014,6,4,1,139.2,5,2,1,2026-10-10T09:21:39
P015,7,1,1,51.3,3,1,0,2026-10-05T12:07:48
P015,7,1,2,99.9,3,1,1,2026-10-05T12:11:39
P015,7,2,1,41.4,4,3,1,2026-10-06T09:14:17
P015,7,3,1,101.9,5,1,0,2026-10-06T23:18:09
P015,7,3,2,87.0,6,0,0,2026-10-06T23:22:36
P015,7,3,3,78.4,2,3,1,2026-10-06T23:25:10
P015,7,4,1,135.4,7,7,0,2026-10-06T23:28:11
P016,6,1,1,43.5,2,0,1,2026-10-10T08:23:57
P016,6,2,1,36.5,2,0,1,2026-10-11T02:25:42
P016,6,3,1,44.4,3,1,1,2026-10-11T02:27:37
P016,6,4,1,58.2,4,2,0,2026-10-12T12:31:16
P016,6,4,2,107.0,3,2,1,2026-10-12T12:33:11
P016,6,5,1,47.8,6,2,1,2026-10-12T12:38:03
P016,6,6,1,58.8,0,3,1,2026-10-12T12:39:54
P016,6,7,1,68.4,1,2,0,2026-10-12T12:41:13
P016,6,7,2,51.8,2,1,1,2026-10-12T12:45:16
P016,6,8,1,77.1,1,2,1,2026-10-12T12:47:34
P017,7,1,1,42.9,0,1,1,2026-10-06T11:55:34
P017,7,2,1,177.2,5,1,0,2026-10-06T11:57:41
P017,7,2,2,62.0,4,1,1,2026-10-06T12:01:31
P017,7,3,1,46.7,4,3,1,2026-10-06T12:03:00
P017,7,4,1,152.8,10,2,0,2026-10-07T12:05:48
P017,7,4,2,176.6,8,4,0,2026-10-07T12:11:04
P017,7,4,3,102.9,3,3,0,2026-10-07T12:16:08
P017,7,4,4,266.8,7,1,0,2026-10-07T12:20:34
P017,7,4,5,108.5,4,2,1,2026-10-07T12:27:20
P018,7,1,1,41.8,0,1,1,2026-10-12T12:46:00
P018,7,2,1,45.2,3,0,1,2026-10-13T08:48:45
P018,7,3,1,36.2,3,0,1,2026-10-13T21:50:42
P018,7,4,1,113.5,4,0,0,2026-10-15T02:52:14
P018,7,4,2,116.6,6,2,0,2026-10-15T02:54:56
P018,7,4,3,112.3,5,3,1,2026-10-15T02:58:18
P018,7,5,1,58.3,6,0,1,2026-10-15T22:03:11
P018,7,6,1,52.8,5,2,0,2026-10-15T22:05:28
P018,7,6,2,99.6,2,2,1,2026-10-15T22:09:06
P018,7,7,1,46.5,5,3,1,2026-10-15T22:14:03
P018,7,8,1,76.8,7,3,1,2026-10-16T15:17:19
P019,7,1,1,27.1,2,0,1,2026-10-06T12:42:27
P019,7,2,1,30.9,0,1,1,2026-10-07T18:44:57
P019,7,3,1,51.1,1,1,1,2026-10-08T06:47:42
P019,7,4,1,143.3,5,1,0,2026-10-08T06:49:39
P019,7,4,2,117.6,3,5,0,2026-10-08T06:53:35
P019,7,4,3,148.0,3,1,1,2026-10-08T06:57:08
P019,7,5,1,119.5,7,3,1,2026-10-09T19:00:13
P019,7,6,1,60.6,2,1,1,2026-10-09T19:04:42
P019,7,7,1,39.5,1,1,1,2026-10-10T21:06:36
P019,7,8,1,78.7,5,2,1,2026-10-10T21:10:04
P020,7,1,1,65.5,0,1,1,2026-10-08T13:58:59
P020,7,2,1,68.7,3,4,0,2026-10-09T09:01:28
P020,7,2,2,58.2,2,1,1,2026-10-09T09:04:00
P020,7,3,1,79.2,6,2,1,2026-10-09T09:07:11
P020,7,4,1,89.0,4,4,1,2026-10-10T19:11:01
P020,7,5,1,75.3,4,1,0,2026-10-10T19:14:42
P020,7,5,2,76.3,3,1,0,2026-10-10T19:18:00
P020,7,5,3,66.4,2,0,1,2026-10-10T19:20:55
P020,7,6,1,55.7,3,1,1,2026-10-11T06:24:22
P020,7,7,1,140.5,5,4,1,2026-10-12T02:28:24
P020,7,8,1,182.8,7,2,0,2026-10-12T02:32:28
P020,7,8,2,165.4,5,4,0,2026-10-12T02:37:29
P020,7,8,3,76.4,5,3,0,2026-10-12T02:42:33
P020,7,8,4,56.1,5,2,1,2026-10-12T02:45:42
P021,6,1,1,53.5,2,2,1,2026-10-13T08:41:46
P021,6,2,1,62.3,2,0,1,2026-10-13T08:43:01
P021,6,3,1,61.3,4,0,1,2026-10-13T20:46:36
P021,6,4,1,118.9,5,2,1,2026-10-14T20:47:59
P021,6,5,1,63.2,2,0,1,2026-10-15T09:52:56
P021,6,6,1,56.5,0,2,1,2026-10-15T09:55:14
P021,6,7,1,56.0,4,4,0,2026-10-16T21:59:08
P021,6,7,2,65.1,3,1,1,2026-10-16T22:00:59
P021,6,8,1,86.8,4,1,1,2026-10-16T22:02:55
P022,6,1,1,60.3,1,1,1,2026-10-10T13:58:38
P022,6,2,1,38.4,0,1,1,2026-10-10T14:00:16
P022,6,3,1,34.6,0,1,1,2026-10-11T13:04:01
P022,6,4,1,159.6,4,1,0,2026-10-11T13:06:24
P022,6,4,2,82.8,7,4,0,2026-10-11T13:10:50
P022,6,4,3,134.2,4,6,1,2026-10-11T13:13:22
P023,7,1,1,56.5,2,2,1,2026-10-13T08:26:35
P023,7,2,1,58.7,4,1,1,2026-10-13T08:30:48
P023,7,3,1,72.4,4,2,1,2026-10-14T21:33:13
P023,7,4,1,78.0,7,2,0,2026-10-15T20:35:26
P023,7,4,2,167.7,12,1,0,2026-10-15T20:38:30
P024,7,1,1,33.3,1,1,1,2026-10-09T12:33:09
P024,7,2,1,33.4,0,0,1,2026-10-09T12:36:03
P024,7,3,1,50.9,3,1,1,2026-10-10T21:38:46
P025,7,1,1,46.4,0,0,1,2026-10-10T13:34:07
P025,7,2,1,51.5,3,0,0,2026-10-11T12:36:26
P025,7,2,2,45.8,1,1,1,2026-10-11T12:40:26
P025,7,3,1,79.7,3,1,1,2026-10-11T19:42:42
P025,7,4,1,256.7,5,1,0,2026-10-12T05:47:10
P025,7,4,2,58.0,5,3,1,2026-10-12T05:52:43
P025,7,5,1,82.7,0,0,1,2026-10-12T05:56:44
P025,7,6,1,84.8,2,1,1,2026-10-13T13:59:28
P025,7,7,1,44.6,1,0,1,2026-10-13T14:03:18
P025,7,8,1,91.4,7,2,0,2026-10-13T14:06:37
P025,7,8,2,89.5,1,0,1,2026-10-13T14:10:19
P026,6,1,1,74.4,1,0,1,2026-10-07T13:22:40
P027,7,1,1,20.7,0,0,1,2026-10-05T08:39:53
P027,7,2,1,8.9,0,0,1,2026-10-06T10:41:22
P027,7,3,1,26.0,0,1,1,2026-10-07T00:43:27
P027,7,4,1,44.3,2,0,0,2026-10-07T21:44:24
P027,7,4,2,37.7,2,1,1,2026-10-07T21:45:35
P027,7,5,1,31.6,2,1,1,2026-10-09T05:47:42
P027,7,6,1,34.8,2,0,1,2026-10-09T05:50:28
P027,7,7,1,29.0,4,0,1,2026-10-09T05:52:17
P027,7,8,1,32.3,2,0,1,2026-10-10T17:53:23
P028,6,1,1,27.7,3,2,1,2026-10-13T12:23:12
P028,6,2,1,23.2,2,0,1,2026-10-13T12:26:30
P028,6,3,1,40.6,1,1,1,2026-10-13T12:29:02
P028,6,4,1,104.1,2,1,1,2026-10-13T12:31:07
P028,6,5,1,55.9,4,0,1,2026-10-14T22:34:56
P028,6,6,1,67.0,4,1,1,2026-10-14T22:38:32
P029,6,1,1,76.3,5,1,1,2026-10-13T09:32:07
P029,6,2,1,58.3,2,0,0,2026-10-13T21:34:13
P029,6,2,2,109.2,3,0,0,2026-10-13T21:37:17
P029,6,2,3,61.4,6,2,1,2026-10-13T21:40:29
P029,6,3,1,59.5,4,1,1,2026-10-13T21:42:41
P029,6,4,1,99.1,6,3,0,2026-10-14T17:45:21
P029,6,4,2,106.9,5,3,1,2026-10-14T17:49:41
P029,6,5,1,60.8,5,5,0,2026-10-15T08:54:21
P029,6,5,2,73.3,3,3,1,2026-10-15T08:58:00
P029,6,6,1,89.8,8,1,0,2026-10-16T11:02:29
P029,6,6,2,96.6,5,3,1,2026-10-16T11:06:30
P029,6,7,1,124.2,6,3,1,2026-10-16T11:11:06
P029,6,8,1,104.9,5,1,0,2026-10-16T17:16:01
P030,6,1,1,27.6,0,0,1,2026-10-05T08:09:37
P030,6,2,1,33.6,1,0,1,2026-10-05T08:10:51
P030,6,3,1,31.7,0,0,1,2026-10-05T08:11:52
P030,6,4,1,45.0,1,0,1,2026-10-06T05:13:16
P030,6,5,1,53.6,1,1,1,2026-10-06T05:15:42
P030,6,6,1,40.1,4,0,1,2026-10-07T05:19:26
P031,6,1,1,32.9,0,0,1,2026-10-08T11:28:12
P031,6,2,1,33.6,1,0,1,2026-10-08T11:30:10
P031,6,3,1,15.0,2,1,0,2026-10-08T20:33:23
P031,6,3,2,34.9,0,1,1,2026-10-08T20:34:40
P031,6,4,1,37.3,1,0,1,2026-10-09T06:37:26
P031,6,5,1,30.9,2,1,1,2026-10-09T20:40:04
P031,6,6,1,37.3,4,0,1,2026-10-09T20:42:06
P031,6,7,1,53.4,5,2,1,2026-10-10T11:43:03
P031,6,8,1,44.2,1,1,0,2026-10-10T11:46:32
P032,6,1,1,101.0,2,1,1,2026-10-05T08:22:04
P032,6,2,1,27.2,1,2,1,2026-10-06T14:24:28
P032,6,3,1,77.8,2,1,0,2026-10-06T14:28:12
P032,6,3,2,52.3,2,2,1,2026-10-06T14:32:43
P032,6,4,1,96.5,10,4,0,2026-10-06T14:36:31
P032,6,4,2,175.7,6,1,1,2026-10-06T14:40:34
P032,6,5,1,93.8,2,3,0,2026-10-07T01:43:49
P032,6,5,2,60.7,3,2,1,2026-10-07T01:47:55
P032,6,6,1,60.5,1,1,1,2026-10-07T01:51:32
P032,6,7,1,91.9,3,1,0,2026-10-07T01:54:56
P032,6,7,2,83.1,5,0,0,2026-10-07T01:57:01
P032,6,7,3,125.8,5,2,1,2026-10-07T02:00:10
P032,6,8,1,94.7,6,1,0,2026-10-07T02:02:55
P032,6,8,2,109.9,5,5,1,2026-10-07T02:05:24
P033,6,1,1,75.5,2,0,1,2026-10-12T14:07:09
P033,6,2,1,62.2,5,2,1,2026-10-12T14:11:14
P033,6,3,1,83.7,4,0,1,2026-10-12T14:13:21
P033,6,4,1,58.7,6,0,1,2026-10-13T20:16:19
P033,6,5,1,62.8,3,2,1,2026-10-15T05:20:14
P033,6,6,1,91.9,8,3,1,2026-10-15T05:22:06
P033,6,7,1,83.1,4,2,1,2026-10-16T02:25:16
P033,6,8,1,104.8,6,3,0,2026-10-16T02:27:08
P033,6,8,2,101.9,5,4,0,2026-10-16T02:30:11
P033,6,8,3,87.1,1,0,1,2026-10-16T02:34:48
P034,6,1,1,77.8,2,1,1,2026-10-06T11:06:52
P034,6,2,1,51.5,1,1,0,2026-10-07T11:08:42
P034,6,2,2,30.3,3,0,0,2026-10-07T11:10:49
P034,6,2,3,42.7,0,2,1,2026-10-07T11:12:07
P034,6,3,1,49.7,4,0,0,2026-10-08T11:16:00
P035,7,1,1,25.0,0,0,1,2026-10-11T08:12:39
P035,7,2,1,26.3,3,0,1,2026-10-12T04:15:25
P035,7,3,1,45.0,3,1,1,2026-10-12T04:16:41
P035,7,4,1,57.1,4,0,1,2026-10-12T04:19:10
P035,7,5,1,29.8,0,0,1,2026-10-12T15:20:38
P035,7,6,1,72.9,1,1,1,2026-10-12T15:23:54
P035,7,7,1,38.7,5,0,1,2026-10-13T09:26:38
P035,7,8,1,57.6,3,2,1,2026-10-13T09:27:44
P036,7,1,1,27.7,2,0,1,2026-10-05T09:24:55
P036,7,2,1,23.1,1,1,1,2026-10-05T09:28:08
P037,7,1,1,22.1,2,1,1,2026-10-10T10:25:21
P037,7,2,1,38.6,0,1,1,2026-10-10T10:26:38
P037,7,3,1,27.6,6,0,1,2026-10-10T10:29:32
P037,7,4,1,52.0,5,0,1,2026-10-10T16:32:59
P037,7,5,1,41.0,3,2,1,2026-10-12T00:34:44
P037,7,6,1,48.3,1,2,1,2026-10-12T00:36:46
P037,7,7,1,76.6,3,0,1,2026-10-13T02:38:30
P037,7,8,1,33.7,3,0,0,2026-10-13T02:40:08
P038,6,1,1,50.4,2,3,1,2026-10-11T14:07:33
P038,6,2,1,55.6,2,0,1,2026-10-12T23:10:44
P038,6,3,1,61.4,2,0,1,2026-10-12T23:13:09
P038,6,4,1,94.4,5,7,1,2026-10-12T23:15:57
P038,6,5,1,51.3,5,3,1,2026-10-14T14:19:56
P039,6,1,1,32.5,0,0,0,2026-10-06T11:03:45
P039,6,1,2,39.9,0,1,1,2026-10-06T11:04:57
P039,6,2,1,56.6,1,1,1,2026-10-06T11:07:04
P039,6,3,1,76.4,8,1,0,2026-10-06T11:09:38
P040,6,1,1,46.2,2,0,1,2026-10-13T13:32:32
P040,6,2,1,91.1,6,1,0,2026-10-14T09:34:37
P040,6,2,2,78.1,4,0,1,2026-10-14T09:37:48
P040,6,3,1,71.7,5,1,0,2026-10-14T09:41:34
P040,6,3,2,65.7,3,4,1,2026-10-14T09:43:05
P040,6,4,1,86.0,6,2,1,2026-10-14T09:44:36
P040,6,5,1,112.0,4,2,0,2026-10-14T09:46:38
P040,6,5,2,53.3,3,1,1,2026-10-14T09:50:20
P040,6,6,1,139.2,6,1,0,2026-10-14T21:52:30
P040,6,6,2,176.5,9,3,1,2026-10-14T21:55:15
P040,6,7,1,73.4,3,3,0,2026-10-14T21:59:40
P040,6,7,2,73.1,3,0,0,2026-10-14T22:03:53
P040,6,7,3,115.3,4,1,1,2026-10-14T22:05:41
P040,6,8,1,133.5,8,5,0,2026-10-14T22:09:12
P040,6,8,2,123.7,5,1,0,2026-10-14T22:14:23
P040,6,8,3,90.9,3,2,1,2026-10-14T22:19:33
P041,7,1,1,88.7,3,0,1,2026-10-09T11:46:38
P041,7,2,1,42.5,3,1,1,2026-10-10T06:50:51
P041,7,3,1,45.0,3,2,1,2026-10-10T06:52:22
P041,7,4,1,133.6,11,4,0,2026-10-10T06:55:09
P042,6,1,1,22.8,0,0,1,2026-10-13T10:45:32
P042,6,2,1,48.7,3,0,1,2026-10-14T04:48:59
P042,6,3,1,89.4,2,0,1,2026-10-14T12:51:29
P042,6,4,1,34.8,4,0,1,2026-10-14T12:56:06
P042,6,5,1,59.7,3,0,1,2026-10-14T12:59:40
P042,6,6,1,47.8,2,0,1,2026-10-14T13:02:19
P042,6,7,1,42.9,4,0,1,2026-10-14T13:04:14
P042,6,8,1,95.8,2,1,0,2026-10-14T13:06:32
P042,6,8,2,41.8,1,2,1,2026-10-14T13:09:21
P043,7,1,1,49.6,1,0,1,2026-10-08T08:46:03
P043,7,2,1,53.3,1,1,1,2026-10-08T08:48:01
P043,7,3,1,73.4,2,0,1,2026-10-08T20:49:52
P043,7,4,1,116.4,6,1,0,2026-10-08T20:51:29
P043,7,4,2,68.8,2,1,0,2026-10-08T20:54:55
P043,7,4,3,124.9,1,5,1,2026-10-08T20:58:55
P043,7,5,1,47.2,1,1,1,2026-10-10T05:03:46
P043,7,6,1,69.5,4,2,1,2026-10-10T18:05:30
P043,7,7,1,85.5,7,1,1,2026-10-12T01:09:39
P043,7,8,1,76.6,4,2,1,2026-10-12T01:13:18
P044,7,1,1,41.1,3,0,0,2026-10-13T12:54:34
P045,7,1,1,25.1,1,2,1,2026-10-09T13:30:06
P045,7,2,1,47.1,0,2,1,2026-10-09T13:31:06
P045,7,3,1,37.8,2,4,1,2026-10-10T01:34:44
P045,7,4,1,44.9,1,3,1,2026-10-10T01:37:05
P045,7,5,1,40.7,7,1,1,2026-10-10T01:39:25
P045,7,6,1,45.2,7,1,0,2026-10-10T01:41:45
P045,7,6,2,60.5,2,2,1,2026-10-10T01:45:17
P045,7,7,1,52.2,5,1,0,2026-10-10T07:48:46
P045,7,7,2,84.7,2,1,1,2026-10-10T07:52:37
P045,7,8,1,168.2,2,2,1,2026-10-10T07:55:39
P046,6,1,1,52.0,5,1,1,2026-10-13T13:44:57
P046,6,2,1,58.3,5,0,1,2026-10-13T13:48:32
P046,6,3,1,29.1,0,0,1,2026-10-13T13:51:52
P046,6,4,1,53.3,6,4,0,2026-10-13T13:54:44
P046,6,4,2,128.6,5,6,0,2026-10-13T13:58:11
P046,6,4,3,102.9,3,2,1,2026-10-13T14:01:55
P046,6,5,1,70.4,4,2,1,2026-10-13T14:05:02
P046,6,6,1,119.2,4,1,1,2026-10-14T21:08:01
P047,7,1,1,25.4,1,0,1,2026-10-13T10:30:16
P047,7,2,1,56.7,2,0,1,2026-10-14T19:33:34
P047,7,3,1,103.8,3,1,0,2026-10-14T19:35:59
P048,7,1,1,60.7,4,1,1,2026-10-09T08:36:40
P048,7,2,1,35.0,1,1,1,2026-10-09T08:40:19
P048,7,3,1,71.9,1,0,1,2026-10-10T07:43:34
P048,7,4,1,77.5,6,1,0,2026-10-10T07:45:49
P049,7,1,1,36.4,1,0,1,2026-10-13T10:12:08
P049,7,2,1,35.3,2,1,0,2026-10-13T10:15:55
P049,7,2,2,29.9,1,0,1,2026-10-13T10:19:24
P049,7,3,1,57.3,0,0,1,2026-10-14T22:21:01
P050,6,1,1,27.1,2,0,1,2026-10-11T09:17:12
P050,6,2,1,77.9,4,4,0,2026-10-12T20:19:50
P051,6,1,1,94.2,2,0,1,2026-10-07T08:56:10
P051,6,2,1,73.8,1,1,1,2026-10-07T08:58:56
P051,6,3,1,48.2,4,1,1,2026-10-07T09:01:58
P051,6,4,1,99.2,7,1,0,2026-10-07T22:04:08
P051,6,4,2,139.6,5,3,0,2026-10-07T22:08:20
P051,6,4,3,89.9,5,3,1,2026-10-07T22:12:08
P051,6,5,1,81.4,3,2,1,2026-10-07T22:16:30
P051,6,6,1,54.2,2,1,0,2026-10-07T22:20:09
P051,6,6,2,72.5,4,3,1,2026-10-07T22:22:04
P051,6,7,1,65.6,7,3,0,2026-10-08T19:25:13
P051,6,7,2,58.0,6,0,1,2026-10-08T19:28:25
P051,6,8,1,136.6,5,2,0,2026-10-09T11:29:46
P051,6,8,2,133.7,4,2,1,2026-10-09T11:34:44
P052,6,1,1,40.7,1,0,1,2026-10-10T13:07:18
P052,6,2,1,62.6,0,2,1,2026-10-10T13:09:31
P052,6,3,1,48.7,2,1,1,2026-10-11T18:12:34
P052,6,4,1,61.0,3,6,1,2026-10-12T14:14:39
P053,6,1,1,36.3,0,0,1,2026-10-13T09:26:37
P053,6,2,1,19.3,1,0,1,2026-10-14T02:29:44
P053,6,3,1,24.5,1,1,1,2026-10-14T14:31:10
P053,6,4,1,71.2,7,2,0,2026-10-14T14:32:17
P053,6,4,2,54.3,2,1,1,2026-10-14T14:35:41
P053,6,5,1,74.6,1,1,1,2026-10-14T14:38:57
P054,7,1,1,76.0,5,0,1,2026-10-08T12:36:05
P054,7,2,1,47.3,4,2,1,2026-10-08T12:39:47
P054,7,3,1,41.8,1,1,1,2026-10-09T04:41:50
P054,7,4,1,98.9,5,4,0,2026-10-10T12:45:08
P054,7,4,2,124.8,11,2,0,2026-10-10T12:47:55
P054,7,4,3,114.8,12,1,1,2026-10-10T12:52:37
P054,7,5,1,71.8,3,2,1,2026-10-10T12:57:18
P054,7,6,1,134.4,5,1,1,2026-10-12T04:01:34
P054,7,7,1,89.6,7,4,1,2026-10-13T14:06:02
P054,7,8,1,84.6,4,0,1,2026-10-14T00:08:02
P055,6,1,1,30.3,2,1,1,2026-10-13T11:50:22
P055,6,2,1,39.4,1,2,1,2026-10-13T11:53:13
P055,6,3,1,68.6,1,1,1,2026-10-14T14:57:09
P055,6,4,1,116.3,0,1,1,2026-10-14T14:59:05
P055,6,5,1,70.1,1,2,1,2026-10-14T15:02:55
P055,6,6,1,83.4,5,3,1,2026-10-14T15:06:17
P055,6,7,1,45.3,0,1,1,2026-10-14T15:08:51
P055,6,8,1,76.2,6,1,1,2026-10-15T17:10:00
P056,6,1,1,26.1,0,0,1,2026-10-13T10:37:59
P056,6,2,1,29.6,1,0,1,2026-10-13T10:39:27
P056,6,3,1,48.8,3,1,0,2026-10-14T13:40:44
P056,6,3,2,59.3,2,0,1,2026-10-14T13:41:52
P056,6,4,1,104.0,6,2,0,2026-10-14T13:45:40
P056,6,4,2,59.5,8,1,0,2026-10-14T13:48:42
P056,6,4,3,117.9,3,3,1,2026-10-14T13:50:02
P056,6,5,1,58.0,4,1,1,2026-10-15T00:53:49
P056,6,6,1,45.8,3,0,0,2026-10-15T00:55:53
P057,6,1,1,39.5,1,1,1,2026-10-12T10:01:15
P057,6,2,1,64.7,5,1,0,2026-10-12T18:04:05
P058,7,1,1,56.2,7,0,1,2026-10-12T09:21:24
P059,7,1,1,52.1,1,1,1,2026-10-07T11:35:10
P059,7,2,1,41.9,0,1,1,2026-10-08T21:38:19
P059,7,3,1,95.6,2,2,1,2026-10-08T21:39:49
P059,7,4,1,187.3,3,2,0,2026-10-09T10:44:25
P059,7,4,2,186.8,5,1,1,2026-10-09T10:48:39
P059,7,5,1,66.5,8,1,1,2026-10-10T00:54:13
P059,7,6,1,116.6,1,0,1,2026-10-11T03:55:58
P059,7,7,1,76.7,10,2,0,2026-10-12T00:00:47
P059,7,7,2,90.2,7,2,1,2026-10-12T00:02:44
P059,7,8,1,125.9,7,4,1,2026-10-12T19:05:15
P060,6,1,1,57.8,3,2,1,2026-10-12T14:46:39
P060,6,2,1,33.3,0,0,1,2026-10-14T04:50:00
P060,6,3,1,61.1,3,1,1,2026-10-15T11:53:05
P060,6,4,1,164.9,7,2,0,2026-10-15T11:54:53
P060,6,4,2,89.2,4,1,0,2026-10-15T11:58:24
P061,6,1,1,32.8,2,1,1,2026-10-12T09:52:41
P061,6,2,1,64.5,5,1,0,2026-10-13T16:54:01
P061,6,2,2,73.6,4,1,0,2026-10-13T16:55:49
P061,6,2,3,72.0,1,1,1,2026-10-13T17:00:14
P061,6,3,1,30.8,3,3,1,2026-10-13T17:02:23
P061,6,4,1,143.5,12,2,0,2026-10-13T17:04:07
P061,6,4,2,80.4,7,2,0,2026-10-13T17:08:37
P062,7,1,1,17.2,0,0,1,2026-10-12T13:11:30
P062,7,2,1,53.0,2,0,1,2026-10-13T03:12:56
P062,7,3,1,48.7,4,2,1,2026-10-13T18:14:12
P062,7,4,1,88.3,7,0,1,2026-10-13T18:18:15
P062,7,5,1,55.4,10,0,1,2026-10-13T18:23:00
P062,7,6,1,64.6,3,1,1,2026-10-13T18:26:55
P062,7,7,1,59.7,5,1,0,2026-10-13T18:30:32
P063,6,1,1,34.6,0,0,1,2026-10-09T08:25:46
P063,6,2,1,41.0,2,0,1,2026-10-09T08:28:30
P063,6,3,1,44.1,5,0,1,2026-10-09T08:31:47
P063,6,4,1,80.5,7,1,1,2026-10-10T09:34:09
P063,6,5,1,45.7,1,1,1,2026-10-11T10:38:35
P063,6,6,1,120.1,1,0,1,2026-10-11T10:40:00
P064,6,1,1,38.8,3,1,0,2026-10-10T11:30:52
P064,6,1,2,38.7,2,0,1,2026-10-10T11:33:55
P064,6,2,1,58.8,1,0,1,2026-10-10T11:35:57
P064,6,3,1,37.4,3,1,0,2026-10-10T11:39:22
P064,6,3,2,40.7,3,1,1,2026-10-10T11:42:00
P064,6,4,1,50.3,7,1,0,2026-10-10T11:44:21
P064,6,4,2,56.2,5,2,0,2026-10-10T11:48:18
P064,6,4,3,83.2,2,3,1,2026-10-10T11:51:10
P064,6,5,1,56.7,2,1,0,2026-10-10T21:54:07
P064,6,5,2,43.9,1,0,1,2026-10-10T21:56:17
P065,6,1,1,48.3,3,2,1,2026-10-12T09:41:59
P065,6,2,1,69.1,2,0,0,2026-10-12T09:45:55
P065,6,2,2,30.9,0,0,1,2026-10-12T09:49:50
P065,6,3,1,46.5,4,0,0,2026-10-12T09:52:33
P066,7,1,1,24.2,1,0,1,2026-10-08T12:51:18
P066,7,2,1,54.2,4,0,0,2026-10-08T12:54:02
P067,6,1,1,47.5,1,0,1,2026-10-06T09:01:36
P067,6,2,1,63.4,2,2,1,2026-10-06T09:03:04
P067,6,3,1,43.8,1,2,1,2026-10-06T09:05:11
P067,6,4,1,102.1,3,0,0,2026-10-07T16:06:31
P067,6,4,2,95.6,6,1,1,2026-10-07T16:11:06
P067,6,5,1,32.6,5,1,1,2026-10-07T16:14:19
P067,6,6,1,78.4,5,4,1,2026-10-08T20:16:00
P067,6,7,1,102.4,1,4,1,2026-10-08T20:18:59
P067,6,8,1,121.3,6,4,0,2026-10-09T16:21:58
P067,6,8,2,95.3,1,3,0,2026-10-09T16:25:30
P068,6,1,1,48.8,2,2,1,2026-10-07T11:23:20
P068,6,2,1,47.9,5,1,0,2026-10-08T16:27:27
P069,7,1,1,66.3,2,0,0,2026-10-08T10:07:17
P069,7,1,2,54.5,1,1,1,2026-10-08T10:08:50
P069,7,2,1,48.6,3,1,1,2026-10-08T10:10:52
P069,7,3,1,29.6,3,4,1,2026-10-08T21:14:21
P069,7,4,1,172.1,6,5,0,2026-10-08T21:15:14
P069,7,4,2,93.7,7,2,1,2026-10-08T21:18:57
P069,7,5,1,55.0,8,3,0,2026-10-08T21:23:42
P069,7,5,2,45.6,0,3,1,2026-10-08T21:25:46
P069,7,6,1,65.5,7,0,0,2026-10-08T21:27:02
P069,7,6,2,114.7,10,2,1,2026-10-08T21:30:03
P069,7,7,1,129.6,8,1,0,2026-10-08T21:34:50
P069,7,7,2,67.1,3,1,0,2026-10-08T21:40:15
P069,7,7,3,57.8,3,0,0,2026-10-08T21:44:17
P069,7,7,4,46.6,2,1,0,2026-10-08T21:47:18
P069,7,7,5,97.0,0,2,0,2026-10-08T21:51:10
P069,7,7,6,119.3,1,0,1,2026-10-08T21:53:21
P069,7,8,1,95.5,7,0,0,2026-10-08T21:56:08
P069,7,8,2,231.6,3,1,0,2026-10-08T22:00:49
P069,7,8,3,112.3,6,2,1,2026-10-08T22:07:00
P070,7,1,1,66.9,2,0,1,2026-10-06T08:19:58
P070,7,2,1,59.9,2,0,1,2026-10-06T08:22:29
P070,7,3,1,73.8,2,0,1,2026-10-06T08:24:02
P070,7,4,1,96.5,5,4,0,2026-10-07T14:26:16
P070,7,4,2,156.5,2,1,0,2026-10-07T14:29:59
P071,6,1,1,25.7,0,0,1,2026-10-06T10:37:27
P071,6,2,1,42.6,3,0,1,2026-10-06T22:38:12
P071,6,3,1,64.1,1,0,1,2026-10-06T22:41:48
P071,6,4,1,59.4,5,1,1,2026-10-08T06:44:43
P071,6,5,1,38.6,2,1,1,2026-10-08T14:47:57
P071,6,6,1,42.1,2,1,1,2026-10-09T05:51:29
P071,6,7,1,70.5,6,1,1,2026-10-10T09:55:23
P071,6,8,1,47.7,4,0,1,2026-10-10T09:57:30
P072,6,1,1,37.8,4,2,1,2026-10-09T08:29:21
P072,6,2,1,52.9,3,3,1,2026-10-09T08:32:25
P072,6,3,1,47.6,3,0,1,2026-10-09T21:36:03
P073,7,1,1,46.0,2,0,1,2026-10-07T09:11:57
P073,7,2,1,47.5,4,4,1,2026-10-08T20:15:19
P073,7,3,1,173.7,4,1,1,2026-10-09T13:18:25
P074,6,1,1,66.1,1,0,1,2026-10-06T08:33:30
P075,7,1,1,48.1,1,0,1,2026-10-10T08:10:34
P075,7,2,1,61.5,3,0,0,2026-10-10T15:14:00
P075,7,2,2,81.5,1,0,1,2026-10-10T15:17:08
P075,7,3,1,52.9,3,3,0,2026-10-10T15:21:04
P075,7,3,2,43.7,2,2,1,2026-10-10T15:24:47
P075,7,4,1,162.5,6,1,0,2026-10-11T22:28:46
P076,7,1,1,56.3,0,3,1,2026-10-11T11:58:15
P076,7,2,1,39.1,2,0,1,2026-10-11T19:59:54
P076,7,3,1,92.4,6,1,1,2026-10-13T00:03:27
P076,7,4,1,42.1,0,0,1,2026-10-13T00:08:11
P076,7,5,1,60.6,4,0,0,2026-10-13T00:11:50
P076,7,5,2,54.9,2,2,0,2026-10-13T00:13:55
P076,7,5,3,27.9,1,1,1,2026-10-13T00:15:39
P076,7,6,1,56.0,1,1,1,2026-10-13T00:16:36
P076,7,7,1,48.8,3,1,1,2026-10-13T00:18:11
P076,7,8,1,97.0,5,2,1,2026-10-13T00:21:30
P077,7,1,1,28.2,1,0,1,2026-10-09T13:37:43
P077,7,2,1,53.2,0,0,1,2026-10-10T01:38:51
P078,7,1,1,26.8,0,1,1,2026-10-07T13:00:23
P078,7,2,1,58.2,1,0,1,2026-10-07T13:02:20
P078,7,3,1,51.2,3,2,0,2026-10-08T22:03:45
P078,7,3,2,35.1,2,1,0,2026-10-08T22:06:51
P078,7,3,3,48.9,2,4,1,2026-10-08T22:08:54
P078,7,4,1,119.8,5,1,0,2026-10-10T00:11:02
P078,7,4,2,82.5,2,0,0,2026-10-10T00:15:42
P079,7,1,1,43.8,0,1,1,2026-10-08T08:08:20
P079,7,2,1,36.9,0,1,1,2026-10-08T08:11:43
P079,7,3,1,25.6,0,2,1,2026-10-08T08:13:39
P079,7,4,1,82.3,8,1,0,2026-10-09T20:14:55
P079,7,4,2,81.1,5,1,0,2026-10-09T20:18:03
P079,7,4,3,69.1,4,7,1,2026-10-09T20:22:25
P079,7,5,1,48.2,3,0,0,2026-10-09T20:26:24
P079,7,5,2,101.4,4,1,1,2026-10-09T20:29:18
P079,7,6,1,44.7,1,1,1,2026-10-09T20:32:29
P079,7,7,1,89.2,4,1,0,2026-10-09T20:34:12
P079,7,7,2,60.1,4,1,1,2026-10-09T20:36:48
P079,7,8,1,71.7,6,1,0,2026-10-10T10:38:43
P079,7,8,2,84.2,4,1,0,2026-10-10T10:43:10
P079,7,8,3,97.9,4,2,0,2026-10-10T10:45:14
P080,6,1,1,51.6,2,2,0,2026-10-12T10:25:37
P081,7,1,1,60.6,5,0,0,2026-10-12T12:23:14
P081,7,1,2,72.7,3,1,1,2026-10-12T12:26:53
P081,7,2,1,62.0,4,0,1,2026-10-12T12:29:08
P081,7,3,1,74.1,8,0,1,2026-10-12T21:32:44
P081,7,4,1,121.2,6,4,0,2026-10-13T16:34:38
P081,7,4,2,179.3,12,2,1,2026-10-13T16:38:35
P081,7,5,1,89.0,8,2,0,2026-10-14T14:42:47
P081,7,5,2,110.3,5,2,0,2026-10-14T14:45:30
P081,7,5,3,75.4,7,3,0,2026-10-14T14:47:48
P081,7,5,4,66.7,7,0,1,2026-10-14T14:51:48
P081,7,6,1,68.1,7,4,0,2026-10-14T14:53:16
P081,7,6,2,224.0,4,3,0,2026-10-14T14:54:53
P081,7,6,3,74.4,1,0,0,2026-10-14T15:00:15
P082,6,1,1,65.5,4,0,1,2026-10-08T12:12:41
P082,6,2,1,30.3,0,0,1,2026-10-08T12:15:52
P082,6,3,1,63.5,3,3,0,2026-10-08T12:17:27
P082,6,3,2,71.3,2,1,1,2026-10-08T12:21:25
P082,6,4,1,163.8,5,1,0,2026-10-09T18:24:30
P082,6,4,2,100.8,8,3,0,2026-10-09T18:28:36
P083,7,1,1,47.8,0,1,1,2026-10-05T09:01:05
P083,7,2,1,58.3,2,0,0,2026-10-05T09:04:46
P083,7,2,2,39.0,0,2,0,2026-10-05T09:08:02
P083,7,2,3,62.7,3,5,1,2026-10-05T09:11:12
P083,7,3,1,68.2,1,2,0,2026-10-05T09:12:51
P083,7,3,2,74.2,1,2,0,2026-10-05T09:16:25
P083,7,3,3,96.7,3,1,0,2026-10-05T09:19:46
P083,7,3,4,143.5,3,2,0,2026-10-05T09:23:57
P084,6,1,1,31.6,1,0,1,2026-10-05T09:38:46
P084,6,2,1,57.9,2,0,1,2026-10-06T12:40:04
P084,6,3,1,81.9,1,1,1,2026-10-06T21:41:38
P084,6,4,1,98.1,11,1,1,2026-10-07T21:44:44
P084,6,5,1,72.1,3,2,1,2026-10-08T09:47:01
P084,6,6,1,65.4,3,0,0,2026-10-08T09:51:25
P084,6,6,2,46.2,5,1,0,2026-10-08T09:55:14
P084,6,6,3,62.4,7,0,1,2026-10-08T09:58:25
P084,6,7,1,92.0,3,3,1,2026-10-08T10:00:58
P084,6,8,1,67.8,3,3,0,2026-10-10T01:04:12
P084,6,8,2,113.1,4,1,0,2026-10-10T01:06:04
P084,6,8,3,95.7,2,6,1,2026-10-10T01:10:39
P085,6,1,1,34.1,1,1,1,2026-10-08T13:22:27
P085,6,2,1,37.6,0,0,1,2026-10-09T20:24:16
P085,6,3,1,63.3,3,2,1,2026-10-09T20:25:21
P085,6,4,1,97.2,7,1,1,2026-10-11T06:28:25
P085,6,5,1,61.7,2,1,1,2026-10-11T06:31:29
P085,6,6,1,84.0,5,4,1,2026-10-12T04:32:50
P085,6,7,1,33.5,4,1,1,2026-10-12T20:36:12
P085,6,8,1,145.1,5,4,1,2026-10-12T20:37:40
P086,7,1,1,29.9,2,0,1,2026-10-06T14:41:49
P087,7,1,1,70.9,3,0,1,2026-10-09T13:48:44
P087,7,2,1,67.1,0,0,1,2026-10-09T20:52:31
P087,7,3,1,65.9,2,3,1,2026-10-10T18:56:31
P087,7,4,1,111.2,7,0,0,2026-10-11T20:00:45
P087,7,4,2,80.2,6,2,0,2026-10-11T20:04:26
P088,7,1,1,23.3,1,0,1,2026-10-12T08:33:50
P088,7,2,1,54.7,4,0,1,2026-10-13T16:36:49
P088,7,3,1,108.8,0,4,1,2026-10-14T15:38:56
P088,7,4,1,166.3,2,3,1,2026-10-16T05:43:09
P088,7,5,1,74.6,3,0,1,2026-10-16T18:47:18
P088,7,6,1,99.1,3,2,1,2026-10-16T18:51:48
P088,7,7,1,48.0,3,1,0,2026-10-16T18:54:28
P088,7,7,2,69.6,0,2,1,2026-10-16T18:56:30
P089,7,1,1,104.4,3,0,0,2026-10-08T10:34:22
P089,7,1,2,77.5,6,1,1,2026-10-08T10:36:53
P089,7,2,1,56.2,3,0,1,2026-10-08T10:40:49
P089,7,3,1,56.4,4,3,1,2026-10-08T10:44:58
P089,7,4,1,223.1,10,1,0,2026-10-08T23:48:21
P089,7,4,2,116.0,7,1,1,2026-10-08T23:55:23
P089,7,5,1,85.2,6,2,1,2026-10-08T23:58:49
P089,7,6,1,49.6,2,4,0,2026-10-09T00:00:58
P089,7,6,2,91.6,5,1,1,2026-10-09T00:03:56
P089,7,7,1,93.3,11,7,0,2026-10-09T00:06:12
P089,7,7,2,134.3,4,2,0,2026-10-09T00:09:05
P089,7,7,3,112.4,6,5,0,2026-10-09T00:12:11
P089,7,7,4,95.9,2,1,1,2026-10-09T00:15:42
P089,7,8,1,131.9,7,1,0,2026-10-09T00:18:54
P089,7,8,2,94.2,2,0,0,2026-10-09T00:23:48
P089,7,8,3,61.1,2,4,0,2026-10-09T00:25:52
P089,7,8,4,123.3,6,3,0,2026-10-09T00:29:14
P090,7,1,1,32.5,3,0,1,2026-10-06T12:39:24
P090,7,2,1,47.7,0,0,1,2026-10-07T10:41:05
P090,7,3,1,31.8,1,2,1,2026-10-08T06:43:35
P090,7,4,1,72.2,1,3,0,2026-10-09T11:45:43
P090,7,4,2,144.2,7,3,1,2026-10-09T11:49:46
P090,7,5,1,50.9,6,0,1,2026-10-10T20:55:21
P090,7,6,1,33.8,3,0,1,2026-10-10T20:57:09
P090,7,7,1,70.6,5,1,0,2026-10-11T12:00:14
P090,7,7,2,96.1,5,2,1,2026-10-11T12:01:51
P090,7,8,1,63.8,4,1,1,2026-10-12T10:06:36
P091,6,1,1,49.8,4,0,1,2026-10-13T11:43:29
P091,6,2,1,89.2,5,1,0,2026-10-13T21:47:14
P091,6,2,2,79.4,4,0,0,2026-10-13T21:52:01
P092,7,1,1,17.4,0,0,1,2026-10-12T09:46:49
P092,7,2,1,19.0,0,0,1,2026-10-12T09:49:47
P092,7,3,1,41.3,0,2,1,2026-10-13T01:52:48
P092,7,4,1,29.6,2,0,1,2026-10-13T01:55:50
P092,7,5,1,47.3,2,0,1,2026-10-13T23:57:02
P092,7,6,1,32.2,2,0,1,2026-10-15T14:59:19
P092,7,7,1,60.4,3,1,1,2026-10-15T15:02:07
P092,7,8,1,42.7,3,2,1,2026-10-15T15:03:36
P093,7,1,1,41.3,1,1,1,2026-10-07T14:13:11
P093,7,2,1,28.3,1,2,1,2026-10-07T14:14:21
P093,7,3,1,38.2,3,1,1,2026-10-07T20:17:35
P093,7,4,1,84.6,6,1,1,2026-10-07T20:21:15
P093,7,5,1,46.7,1,2,1,2026-10-07T20:25:42
P093,7,6,1,36.8,4,2,1,2026-10-07T20:27:44
P093,7,7,1,103.4,6,0,1,2026-10-07T20:31:13
P093,7,8,1,64.0,6,3,1,2026-10-09T00:33:56
P094,7,1,1,47.1,2,0,1,2026-10-07T10:54:37
P094,7,2,1,47.1,0,3,1,2026-10-07T10:57:39
P094,7,3,1,55.5,4,0,1,2026-10-08T18:01:20
P094,7,4,1,65.5,3,0,0,2026-10-09T23:04:37
P094,7,4,2,71.7,5,1,1,2026-10-09T23:06:15
P094,7,5,1,58.2,5,0,1,2026-10-09T23:09:01
P094,7,6,1,84.0,2,0,0,2026-10-11T01:10:36
P094,7,6,2,96.6,1,0,1,2026-10-11T01:13:16
P094,7,7,1,94.0,7,1,1,2026-10-11T01:16:26
P094,7,8,1,105.6,2,0,1,2026-10-12T11:20:48
P095,6,1,1,28.0,6,0,1,2026-10-13T09:20:48
P095,6,2,1,49.5,1,2,1,2026-10-14T15:22:47
P095,6,3,1,25.1,3,0,1,2026-10-15T03:25:57
P095,6,4,1,73.4,3,1,0,2026-10-15T03:29:11
P095,6,4,2,72.7,5,2,1,2026-10-15T03:33:12
P095,6,5,1,61.3,5,0,1,2026-10-15T03:35:22
P095,6,6,1,59.0,5,1,1,2026-10-15T13:38:26
P095,6,7,1,63.5,1,0,0,2026-10-17T03:41:03
P096,7,1,1,72.2,0,1,1,2026-10-06T08:52:53
P096,7,2,1,79.0,4,1,1,2026-10-07T00:55:22
P096,7,3,1,47.5,3,3,1,2026-10-07T00:59:02
P096,7,4,1,78.8,7,3,1,2026-10-07T01:00:33
P097,6,1,1,28.4,2,1,1,2026-10-12T10:03:39
P097,6,2,1,26.6,2,1,1,2026-10-12T10:06:06
P097,6,3,1,58.0,0,1,1,2026-10-12T10:07:45
P097,6,4,1,74.4,5,1,0,2026-10-12T10:12:00
P097,6,4,2,59.3,5,0,1,2026-10-12T10:14:07
P097,6,5,1,46.9,0,2,1,2026-10-13T19:17:46
P097,6,6,1,58.6,4,2,1,2026-10-13T19:20:41
P097,6,7,1,73.1,5,2,0,2026-10-13T19:24:30
P097,6,7,2,67.2,0,4,1,2026-10-13T19:27:22
P097,6,8,1,60.3,4,3,1,2026-10-15T00:30:46
P098,6,1,1,40.0,1,0,1,2026-10-08T12:45:18
P098,6,2,1,30.3,0,0,1,2026-10-08T12:47:14
P098,6,3,1,25.1,1,1,1,2026-10-08T19:50:41
P098,6,4,1,64.6,5,0,1,2026-10-09T09:53:03
P098,6,5,1,38.1,0,1,1,2026-10-10T23:54:31
P098,6,6,1,52.4,5,0,1,2026-10-10T23:55:37
P098,6,7,1,64.6,3,4,1,2026-10-12T08:59:40
P098,6,8,1,40.5,3,0,0,2026-10-12T09:01:07
P098,6,8,2,25.2,2,1,1,2026-10-12T09:03:22
P099,7,1,1,72.7,4,0,1,2026-10-08T12:53:35
P099,7,2,1,69.6,4,3,1,2026-10-08T12:56:15
P099,7,3,1,89.0,7,0,0,2026-10-09T01:00:16
P099,7,3,2,62.2,2,3,1,2026-10-09T01:02:48
P099,7,4,1,162.4,10,1,1,2026-10-09T01:06:07
P099,7,5,1,104.7,5,2,1,2026-10-09T01:10:25
P099,7,6,1,38.8,6,2,0,2026-10-09T20:15:25
P099,7,6,2,67.6,9,2,1,2026-10-09T20:18:29
P099,7,7,1,68.6,8,1,1,2026-10-09T20:22:10
P099,7,8,1,119.4,4,2,0,2026-10-09T20:23:40
P099,7,8,2,108.9,5,0,0,2026-10-09T20:28:19
P099,7,8,3,60.6,6,2,1,2026-10-09T20:30:33
P100,6,1,1,75.1,4,0,0,2026-10-10T13:03:21
P100,6,1,2,52.5,3,0,1,2026-10-10T13:07:54
P100,6,2,1,78.9,3,2,1,2026-10-11T01:11:11
P100,6,3,1,75.1,5,2,1,2026-10-11T22:12:55
P100,6,4,1,68.4,6,2,1,2026-10-11T22:15:01
P100,6,5,1,82.0,4,1,0,2026-10-11T22:18:42
P100,6,5,2,101.1,2,2,1,2026-10-11T22:23:11
P100,6,6,1,57.4,6,4,1,2026-10-12T06:26:21
P100,6,7,1,80.7,9,1,0,2026-10-12T06:28:46
P100,6,7,2,50.0,5,0,1,2026-10-12T06:30:51
P100,6,8,1,104.7,7,1,0,2026-10-12T15:34:34
P100,6,8,2,111.1,7,6,1,2026-10-12T15:38:12
P101,6,1,1,24.5,1,1,1,2026-10-11T08:36:45
P102,7,1,1,40.9,2,1,0,2026-10-12T08:51:53
P103,7,1,1,48.9,2,0,1,2026-10-08T10:56:23
P103,7,2,1,22.3,0,0,1,2026-10-08T10:58:23
P103,7,3,1,41.3,0,0,1,2026-10-09T12:00:32
P103,7,4,1,63.2,4,1,1,2026-10-09T12:04:04
P103,7,5,1,33.5,0,0,1,2026-10-09T12:07:21
P103,7,6,1,34.4,1,0,1,2026-10-09T12:11:09
P103,7,7,1,53.4,1,1,1,2026-10-10T04:14:43
P103,7,8,1,43.8,5,0,1,2026-10-10T04:16:18
P104,6,1,1,48.7,3,1,0,2026-10-12T11:25:37
P104,6,1,2,43.5,5,0,1,2026-10-12T11:27:44
P104,6,2,1,61.6,5,0,1,2026-10-14T02:28:50
P104,6,3,1,49.0,4,2,1,2026-10-14T02:32:37
P104,6,4,1,55.9,6,1,0,2026-10-14T09:34:51
P104,6,4,2,65.0,6,2,0,2026-10-14T09:38:13
P104,6,4,3,110.5,6,2,0,2026-10-14T09:41:22
P105,6,1,1,71.8,1,0,1,2026-10-08T14:51:18
P105,6,2,1,61.2,6,1,1,2026-10-08T14:54:23
P105,6,3,1,81.6,4,0,1,2026-10-09T05:58:38
P105,6,4,1,165.4,11,2,0,2026-10-09T06:01:39
P105,6,4,2,129.9,10,0,0,2026-10-09T06:04:59
P105,6,4,3,99.7,4,3,1,2026-10-09T06:08:16
P105,6,5,1,95.6,3,2,1,2026-10-09T06:10:58
P105,6,6,1,54.9,2,2,0,2026-10-09T06:12:54
P105,6,6,2,43.6,0,4,1,2026-10-09T06:15:23
P105,6,7,1,120.5,3,0,1,2026-10-10T07:16:35
P105,6,8,1,70.5,4,2,0,2026-10-10T07:20:55
P106,7,1,1,18.3,1,0,1,2026-10-12T10:40:37
P106,7,2,1,27.7,0,0,1,2026-10-12T10:43:27
P106,7,3,1,44.9,3,0,1,2026-10-13T05:44:26
P106,7,4,1,86.8,2,2,1,2026-10-13T05:47:30
P106,7,5,1,32.7,0,2,1,2026-10-14T05:49:49
P106,7,6,1,38.5,1,0,1,2026-10-14T05:53:23
P106,7,7,1,40.8,3,1,1,2026-10-14T05:55:29
P106,7,8,1,29.7,1,1,1,2026-10-14T05:57:16
P107,6,1,1,31.3,0,0,0,2026-10-10T09:02:37
P107,6,1,2,19.4,0,1,1,2026-10-10T09:03:42
P107,6,2,1,27.4,3,0,1,2026-10-10T09:06:42
P107,6,3,1,42.6,2,0,1,2026-10-10T09:09:02
P107,6,4,1,69.5,3,1,1,2026-10-10T09:12:32
P107,6,5,1,67.1,9,1,1,2026-10-11T08:14:50
P107,6,6,1,53.2,2,1,1,2026-10-11T08:17:49
P107,6,7,1,46.2,2,2,1,2026-10-11T08:21:51
P107,6,8,1,59.8,1,0,0,2026-10-11T20:25:50
P107,6,8,2,71.5,0,0,1,2026-10-11T20:29:59
P108,7,1,1,35.6,0,0,1,2026-10-06T11:09:26
P108,7,2,1,43.4,2,2,1,2026-10-06T11:11:06
P108,7,3,1,36.4,5,2,0,2026-10-06T11:13:52
P109,6,1,1,47.0,2,0,0,2026-10-10T11:44:45
P110,7,1,1,35.9,3,1,1,2026-10-10T08:57:33
P110,7,2,1,56.4,5,1,1,2026-10-11T01:58:41
P110,7,3,1,139.5,5,0,0,2026-10-11T02:01:16
P110,7,3,2,88.0,5,1,1,2026-10-11T02:05:17
P110,7,4,1,88.1,6,4,0,2026-10-11T02:08:14
P110,7,4,2,237.7,10,3,0,2026-10-11T02:12:07
P110,7,4,3,196.8,10,6,1,2026-10-11T02:17:09
P110,7,5,1,88.2,4,2,0,2026-10-11T02:23:28
P110,7,5,2,66.6,5,2,1,2026-10-11T02:27:52
P110,7,6,1,151.6,4,2,0,2026-10-11T22:31:47
P110,7,6,2,128.5,3,6,1,2026-10-11T22:36:03
P110,7,7,1,167.6,10,2,1,2026-10-11T22:40:28
P110,7,8,1,125.7,3,1,0,2026-10-11T22:44:25
P110,7,8,2,184.6,8,3,1,2026-10-11T22:49:25
P111,7,1,1,36.9,0,3,1,2026-10-09T13:10:06
P111,7,2,1,40.1,1,2,0,2026-10-09T13:12:21
P111,7,2,2,49.0,4,3,1,2026-10-09T13:13:32
P112,7,1,1,65.1,2,0,1,2026-10-08T10:07:26
P112,7,2,1,74.2,3,2,1,2026-10-09T17:11:22
P112,7,3,1,59.2,5,0,1,2026-10-09T17:15:00
P112,7,4,1,114.2,8,3,0,2026-10-09T17:16:59
P112,7,4,2,166.2,3,4,1,2026-10-09T17:20:43
P112,7,5,1,52.6,2,2,0,2026-10-09T17:26:35
P112,7,5,2,51.8,3,0,1,2026-10-09T17:30:10
P112,7,6,1,85.2,6,3,1,2026-10-11T05:31:40
P112,7,7,1,101.8,5,1,0,2026-10-11T05:34:07
P112,7,7,2,62.7,3,3,1,2026-10-11T05:36:55
P112,7,8,1,79.4,5,0,0,2026-10-12T20:40:20
P112,7,8,2,106.4,5,3,0,2026-10-12T20:42:02
P113,6,1,1,25.9,2,1,0,2026-10-13T09:35:13
P113,6,1,2,42.8,2,0,0,2026-10-13T09:36:07
P113,6,1,3,59.9,1,2,1,2026-10-13T09:38:30
P113,6,2,1,23.4,3,0,0,2026-10-13T09:41:32
P113,6,2,2,56.6,3,1,1,2026-10-13T09:43:10
P113,6,3,1,55.1,2,0,0,2026-10-14T13:44:54
P113,6,3,2,52.9,3,2,1,2026-10-14T13:47:21
P113,6,4,1,65.7,2,3,0,2026-10-14T13:49:36
P113,6,4,2,62.5,3,3,0,2026-10-14T13:53:13
P113,6,4,3,87.5,4,0,0,2026-10-14T13:54:43
P113,6,4,4,99.0,2,2,1,2026-10-14T13:58:28
P113,6,5,1,103.4,2,6,0,2026-10-14T14:00:52
P113,6,5,2,69.2,4,1,1,2026-10-14T14:04:57
P113,6,6,1,91.0,6,3,1,2026-10-14T14:07:46
P113,6,7,1,158.2,0,0,1,2026-10-15T13:11:08
P113,6,8,1,100.6,3,4,1,2026-10-17T00:14:13
P114,6,1,1,49.2,1,2,1,2026-10-09T13:02:24
P114,6,2,1,84.7,2,0,1,2026-10-09T13:05:10
P114,6,3,1,88.8,4,0,1,2026-10-09T13:08:33
P115,7,1,1,48.6,1,2,1,2026-10-13T13:29:09
P115,7,2,1,48.6,5,0,1,2026-10-14T13:31:44
P115,7,3,1,66.9,6,2,1,2026-10-14T13:34:35
P115,7,4,1,47.8,2,1,0,2026-10-14T13:38:34
P115,7,4,2,81.6,4,2,1,2026-10-14T13:40:18
P115,7,5,1,62.1,2,0,1,2026-10-14T13:42:51
P115,7,6,1,67.0,0,1,0,2026-10-16T03:45:34
P115,7,6,2,43.7,2,1,1,2026-10-16T03:48:16
P115,7,7,1,80.2,2,4,1,2026-10-16T03:52:09
P115,7,8,1,63.6,3,2,1,2026-10-17T15:54:26
P116,6,1,1,59.7,3,2,1,2026-10-07T14:10:26
P116,6,2,1,130.3,4,0,1,2026-10-09T04:13:54
P116,6,3,1,89.3,5,3,1,2026-10-10T06:18:54
P116,6,4,1,168.1,10,0,0,2026-10-10T06:21:36
P116,6,4,2,53.9,3,2,1,2026-10-10T06:26:25
P116,6,5,1,69.7,3,0,1,2026-10-11T07:29:41
P116,6,6,1,114.5,2,2,1,2026-10-11T22:32:31
P116,6,7,1,113.4,8,1,0,2026-10-11T22:37:31
P116,6,7,2,53.1,1,1,1,2026-10-11T22:40:16
P116,6,8,1,97.2,5,0,1,2026-10-11T22:42:42
P117,7,1,1,121.1,5,2,1,2026-10-08T09:21:50
P117,7,2,1,65.6,4,0,0,2026-10-08T09:25:34
P118,7,1,1,43.3,1,2,1,2026-10-07T12:46:06
P118,7,2,1,64.2,2,1,1,2026-10-07T12:49:35
P118,7,3,1,56.2,4,2,1,2026-10-08T14:52:49
P118,7,4,1,172.5,7,1,0,2026-10-08T14:54:13
P118,7,4,2,79.7,5,3,1,2026-10-08T15:00:05
P118,7,5,1,59.3,4,0,0,2026-10-09T20:04:06
P118,7,5,2,48.0,2,2,0,2026-10-09T20:05:44
P118,7,5,3,67.0,1,2,1,2026-10-09T20:07:44
P118,7,6,1,99.7,5,0,1,2026-10-09T20:10:59
P119,7,1,1,41.2,5,1,1,2026-10-08T08:14:54
P119,7,2,1,55.1,3,0,1,2026-10-09T08:18:08
P119,7,3,1,72.3,2,1,1,2026-10-10T05:21:59
P119,7,4,1,96.2,8,1,0,2026-10-10T05:26:20
P120,7,1,1,42.6,2,1,1,2026-10-05T08:36:08
P121,6,1,1,54.4,0,0,1,2026-10-12T10:53:02
P121,6,2,1,45.1,1,0,0,2026-10-12T23:56:20
P121,6,2,2,54.9,0,1,1,2026-10-13T00:00:22
P121,6,3,1,25.8,1,0,1,2026-10-13T11:04:13
P121,6,4,1,108.4,7,2,1,2026-10-14T09:07:51
P121,6,5,1,46.8,1,1,1,2026-10-14T09:10:05
P121,6,6,1,114.7,3,0,1,2026-10-14T09:13:23
P121,6,7,1,103.4,2,2,0,2026-10-15T09:18:35
P121,6,7,2,61.2,1,2,1,2026-10-15T09:20:43
P121,6,8,1,107.3,4,1,1,2026-10-16T03:22:27
P122,7,1,1,61.5,2,2,0,2026-10-13T08:48:21
P123,7,1,1,53.6,1,0,1,2026-10-12T13:40:29
P123,7,2,1,62.4,2,0,0,2026-10-13T02:41:52
P123,7,2,2,51.6,1,2,1,2026-10-13T02:43:22
P123,7,3,1,64.5,2,2,1,2026-10-13T02:45:53
P123,7,4,1,76.4,3,2,1,2026-10-13T20:49:23
P123,7,5,1,81.7,2,2,1,2026-10-13T20:52:46
P123,7,6,1,108.2,9,1,1,2026-10-13T20:55:31
P123,7,7,1,91.9,7,3,0,2026-10-13T20:59:51
P124,7,1,1,55.5,1,0,1,2026-10-07T13:33:47
P124,7,2,1,46.4,1,1,1,2026-10-09T02:37:09
P124,7,3,1,46.5,0,0,1,2026-10-09T02:40:24
P124,7,4,1,81.6,8,2,1,2026-10-09T02:42:41
P124,7,5,1,54.0,3,2,1,2026-10-09T02:44:25
P124,7,6,1,75.0,3,2,1,2026-10-09T02:45:52
P124,7,7,1,32.2,3,0,0,2026-10-10T14:48:23
P124,7,7,2,96.7,5,0,1,2026-10-10T14:49:24
P124,7,8,1,54.6,5,2,0,2026-10-10T14:52:14
P124,7,8,2,94.7,8,2,1,2026-10-10T14:56:00
P125,7,1,1,29.1,1,0,0,2026-10-13T09:49:37
P125,7,1,2,49.4,1,2,1,2026-10-13T09:51:57
P125,7,2,1,76.4,1,1,1,2026-10-13T09:53:59
P125,7,3,1,98.8,1,0,0,2026-10-13T09:57:08
P126,7,1,1,27.3,1,1,1,2026-10-10T11:31:41
P126,7,2,1,45.9,0,1,1,2026-10-10T11:32:58
P126,7,3,1,27.4,3,0,1,2026-10-10T22:34:23
P126,7,4,1,87.6,2,1,1,2026-10-10T22:36:43
P126,7,5,1,37.2,5,1,1,2026-10-12T04:38:59
P127,6,1,1,116.4,2,1,1,2026-10-07T14:46:04
P127,6,2,1,81.9,2,1,1,2026-10-07T14:49:57
P127,6,3,1,54.4,2,3,0,2026-10-07T23:53:10
P127,6,3,2,44.9,3,2,0,2026-10-07T23:54:44
P128,6,1,1,42.3,3,0,0,2026-10-06T12:02:36
P128,6,1,2,60.0,4,1,1,2026-10-06T12:05:14
P128,6,2,1,47.5,3,2,1,2026-10-06T12:06:35
P128,6,3,1,65.9,4,2,0,2026-10-08T00:09:09
P128,6,3,2,66.8,2,2,1,2026-10-08T00:11:07
P128,6,4,1,100.1,8,3,1,2026-10-08T09:13:01
P129,6,1,1,40.7,1,0,1,2026-10-05T12:59:34
P129,6,2,1,55.5,4,2,0,2026-10-05T13:01:41
P130,7,1,1,70.9,2,1,0,2026-10-07T13:14:58
P130,7,1,2,73.3,1,1,0,2026-10-07T13:17:37
P131,7,1,1,38.7,1,0,1,2026-10-10T09:18:24
P131,7,2,1,51.0,4,1,1,2026-10-11T14:19:56
P131,7,3,1,72.4,3,0,0,2026-10-12T10:21:50
P131,7,3,2,74.3,4,1,0,2026-10-12T10:24:07
P131,7,3,3,63.1,1,2,1,2026-10-12T10:26:58
P131,7,4,1,86.4,9,4,0,2026-10-12T10:28:23
P131,7,4,2,107.8,6,2,0,2026-10-12T10:31:20
P131,7,4,3,80.3,1,1,1,2026-10-12T10:35:33
P131,7,5,1,50.0,2,1,1,2026-10-12T10:39:45
P131,7,6,1,78.0,8,1,0,2026-10-13T21:41:45
P131,7,6,2,61.4,3,1,0,2026-10-13T21:44:40
P131,7,6,3,154.2,4,1,1,2026-10-13T21:47:07
P131,7,7,1,60.2,3,1,0,2026-10-14T09:52:32
P131,7,7,2,90.1,2,0,1,2026-10-14T09:54:32
P131,7,8,1,97.3,2,1,0,2026-10-14T09:58:38
P131,7,8,2,73.1,5,7,1,2026-10-14T10:01:11
P132,6,1,1,20.3,6,0,0,2026-10-08T09:27:46
P133,6,1,1,54.8,2,1,1,2026-10-06T10:18:46
P133,6,2,1,65.6,2,5,0,2026-10-07T12:22:41
P133,6,2,2,58.0,2,3,1,2026-10-07T12:25:58
P133,6,3,1,85.8,5,0,1,2026-10-07T12:30:06
P133,6,4,1,92.7,6,2,1,2026-10-07T12:33:57
P133,6,5,1,80.5,6,2,1,2026-10-07T12:36:00
P134,7,1,1,73.3,2,1,0,2026-10-06T08:01:45
P134,7,1,2,69.7,3,1,0,2026-10-06T08:05:10
P134,7,1,3,78.5,0,1,1,2026-10-06T08:09:31
P134,7,2,1,51.7,2,1,0,2026-10-06T08:12:50
P134,7,2,2,69.1,2,2,1,2026-10-06T08:15:17
P134,7,3,1,75.0,5,0,1,2026-10-07T09:18:08
P134,7,4,1,165.8,2,2,0,2026-10-07T09:21:19
P134,7,4,2,96.0,6,3,1,2026-10-07T09:25:43
P134,7,5,1,110.3,4,3,0,2026-10-07T21:28:42
P134,7,5,2,75.7,0,1,1,2026-10-07T21:32:50
P134,7,6,1,80.0,7,5,1,2026-10-07T21:34:43
P134,7,7,1,52.8,2,3,0,2026-10-07T21:36:49
P134,7,7,2,121.7,5,1,0,2026-10-07T21:40:08
P134,7,7,3,63.2,3,1,1,2026-10-07T21:43:23
P134,7,8,1,65.6,6,3,0,2026-10-09T03:45:24
P134,7,8,2,92.9,6,4,1,2026-10-09T03:48:05
P135,7,1,1,50.8,3,0,0,2026-10-10T09:49:23
P135,7,1,2,67.6,3,0,0,2026-10-10T09:51:48
P135,7,1,3,47.0,1,2,1,2026-10-10T09:54:56
P135,7,2,1,146.0,5,1,1,2026-10-10T09:58:27
P135,7,3,1,75.8,1,0,0,2026-10-10T10:01:51
P135,7,3,2,65.9,4,0,1,2026-10-10T10:05:31
P135,7,4,1,82.5,5,4,0,2026-10-11T19:07:50
P136,7,1,1,18.7,2,1,0,2026-10-05T08:10:43
P136,7,1,2,44.2,1,1,0,2026-10-05T08:13:50
P136,7,1,3,73.9,1,0,1,2026-10-05T08:15:36
P136,7,2,1,55.5,5,0,0,2026-10-06T23:18:25
P136,7,2,2,55.4,2,1,1,2026-10-06T23:21:54
P136,7,3,1,88.0,7,2,1,2026-10-08T01:24:40
P136,7,4,1,130.8,9,5,1,2026-10-09T04:29:17
P136,7,5,1,61.5,2,2,1,2026-10-09T04:34:22
P136,7,6,1,40.3,3,0,1,2026-10-09T04:37:01
P136,7,7,1,118.5,6,0,0,2026-10-10T07:39:24
P136,7,7,2,47.5,5,4,1,2026-10-10T07:43:39
P136,7,8,1,78.9,2,1,1,2026-10-10T07:46:49
P137,7,1,1,92.7,2,1,1,2026-10-08T10:47:24
P137,7,2,1,52.3,3,2,1,2026-10-08T23:52:09
P137,7,3,1,65.3,2,1,0,2026-10-09T06:53:40
P137,7,3,2,52.2,3,0,0,2026-10-09T06:56:38
P138,6,1,1,26.7,2,1,1,2026-10-12T08:15:57
P138,6,2,1,94.5,4,1,1,2026-10-12T08:18:55
P138,6,3,1,44.9,6,0,1,2026-10-12T08:21:30
P138,6,4,1,115.9,1,0,1,2026-10-12T17:25:14
P138,6,5,1,32.9,4,1,0,2026-10-12T17:28:24
P138,6,5,2,29.9,3,1,1,2026-10-12T17:29:50
P138,6,6,1,39.4,0,2,1,2026-10-12T23:31:59
P138,6,7,1,55.0,4,1,0,2026-10-14T07:33:02
P138,6,7,2,48.2,3,1,1,2026-10-14T07:37:06
P138,6,8,1,118.7,7,1,0,2026-10-15T10:41:01
P139,7,1,1,39.2,2,1,1,2026-10-05T12:52:00
P139,7,2,1,32.5,2,2,1,2026-10-06T06:55:04
P139,7,3,1,112.5,3,2,1,2026-10-06T20:58:33
P139,7,4,1,125.4,7,2,0,2026-10-07T03:01:34
P139,7,4,2,128.5,12,2,0,2026-10-07T03:05:44
P139,7,4,3,86.1,6,2,0,2026-10-07T03:11:06
P139,7,4,4,128.4,7,2,0,2026-10-07T03:15:15
P139,7,4,5,184.1,3,3,1,2026-10-07T03:18:31
P139,7,5,1,66.8,6,1,1,2026-10-08T05:22:36
P139,7,6,1,88.7,8,1,0,2026-10-08T05:26:19
P139,7,6,2,136.1,4,1,1,2026-10-08T05:28:44
P139,7,7,1,101.3,3,2,1,2026-10-08T18:33:17
P139,7,8,1,105.2,9,1,1,2026-10-08T18:35:23
P140,7,1,1,32.5,2,0,0,2026-10-08T11:12:37
P140,7,1,2,20.5,0,0,1,2026-10-08T11:14:04
P140,7,2,1,17.5,0,0,1,2026-10-10T01:15:39
P140,7,3,1,51.4,4,0,1,2026-10-10T12:19:07
P140,7,4,1,66.1,4,0,1,2026-10-10T12:21:10
P140,7,5,1,34.3,2,1,1,2026-10-10T12:24:16
P140,7,6,1,59.4,3,0,1,2026-10-10T22:26:02
P141,6,1,1,58.5,2,1,1,2026-10-12T13:24:44
P141,6,2,1,40.1,4,1,1,2026-10-13T13:28:57
P141,6,3,1,121.3,5,0,0,2026-10-14T03:30:39
P141,6,3,2,50.0,2,0,1,2026-10-14T03:35:38
P141,6,4,1,97.7,7,4,0,2026-10-14T12:37:51
P141,6,4,2,85.0,5,3,1,2026-10-14T12:41:54
P141,6,5,1,63.9,6,1,0,2026-10-15T14:44:18
P141,6,5,2,126.5,4,1,1,2026-10-15T14:47:42
P141,6,6,1,75.2,8,3,1,2026-10-15T14:51:16
P141,6,7,1,157.8,6,2,0,2026-10-16T14:55:34
P142,6,1,1,44.4,0,1,1,2026-10-09T12:29:06
P142,6,2,1,48.6,3,2,1,2026-10-10T12:30:51
P142,6,3,1,38.1,1,3,1,2026-10-10T12:32:25
P142,6,4,1,232.8,10,2,0,2026-10-10T12:33:24
P142,6,4,2,84.4,1,1,1,2026-10-10T12:39:23
P142,6,5,1,49.8,2,2,1,2026-10-10T22:42:13
P142,6,6,1,35.6,1,0,1,2026-10-11T07:43:48
P142,6,7,1,72.9,3,1,0,2026-10-12T20:45:50
P142,6,7,2,64.4,4,3,1,2026-10-12T20:47:35
P142,6,8,1,55.4,0,1,1,2026-10-12T20:50:03
P143,6,1,1,56.1,2,2,0,2026-10-13T11:29:50
P144,7,1,1,26.7,1,1,1,2026-10-08T10:31:52
P145,6,1,1,58.9,1,1,1,2026-10-13T11:27:20
P145,6,2,1,52.2,1,0,1,2026-10-14T16:30:07
P145,6,3,1,55.7,2,1,1,2026-10-16T02:31:36
P145,6,4,1,111.7,3,2,1,2026-10-16T02:34:57
P145,6,5,1,44.0,4,1,1,2026-10-16T13:38:00
P146,7,1,1,66.8,1,2,1,2026-10-07T09:12:03
P146,7,2,1,75.8,2,1,0,2026-10-08T16:14:26
P147,7,1,1,28.8,2,0,1,2026-10-11T09:56:01
P147,7,2,1,39.1,1,0,1,2026-10-11T09:57:52
P147,7,3,1,68.5,6,2,1,2026-10-11T09:59:46
P147,7,4,1,72.9,4,2,0,2026-10-11T10:01:50
P147,7,4,2,80.3,9,2,1,2026-10-11T10:05:16
P147,7,5,1,56.5,1,3,1,2026-10-11T10:08:29
P147,7,6,1,99.1,4,3,0,2026-10-11T16:11:24
P147,7,6,2,84.3,3,0,0,2026-10-11T16:13:59
P147,7,6,3,66.8,1,2,1,2026-10-11T16:17:32
P147,7,7,1,98.6,6,1,1,2026-10-12T12:21:06
P147,7,8,1,62.8,2,1,0,2026-10-13T01:24:53
P147,7,8,2,31.6,3,2,1,2026-10-13T01:26:46
P148,6,1,1,68.3,4,2,1,2026-10-12T08:50:18
P148,6,2,1,69.1,6,0,0,2026-10-12T08:51:59
P148,6,2,2,40.3,3,2,1,2026-10-12T08:55:07
P148,6,3,1,71.7,2,2,0,2026-10-12T08:57:38
P148,6,3,2,63.5,2,1,1,2026-10-12T09:00:04
P148,6,4,1,122.7,8,4,0,2026-10-12T19:03:35
P149,7,1,1,15.9,0,0,1,2026-10-13T08:47:16
P149,7,2,1,43.3,0,0,1,2026-10-13T08:49:18
P149,7,3,1,31.9,0,1,1,2026-10-13T08:51:10
P149,7,4,1,56.0,2,1,1,2026-10-13T08:52:46
P149,7,5,1,22.7,0,0,1,2026-10-13T08:54:50
P149,7,6,1,52.2,1,0,1,2026-10-14T16:58:07
P149,7,7,1,32.8,1,0,1,2026-10-14T17:00:02
P149,7,8,1,25.4,0,2,1,2026-10-15T14:03:38
P150,6,1,1,33.2,2,0,1,2026-10-05T10:59:23
P150,6,2,1,41.7,0,0,1,2026-10-05T11:02:02
P150,6,3,1,93.3,1,2,1,2026-10-05T11:03:59
P150,6,4,1,113.4,6,1,0,2026-10-05T17:07:05
P150,6,4,2,85.9,6,3,0,2026-10-05T17:11:26
P150,6,4,3,163.9,4,4,1,2026-10-05T17:13:16
P150,6,5,1,53.6,3,2,1,2026-10-05T17:16:43
P150,6,6,1,55.8,2,2,0,2026-10-05T17:18:22
P150,6,6,2,87.2,6,2,1,2026-10-05T17:20:02
P150,6,7,1,86.0,4,3,0,2026-10-05T17:24:14
P150,6,7,2,89.3,3,2,0,2026-10-05T17:28:09
P151,7,1,1,80.7,5,0,0,2026-10-12T14:27:26
P152,7,1,1,37.5,4,0,1,2026-10-06T08:36:13
P153,6,1,1,40.2,0,2,1,2026-10-13T14:52:33
P153,6,2,1,42.3,1,0,1,2026-10-13T14:53:37
P153,6,3,1,74.7,1,0,1,2026-10-14T22:56:33
P153,6,4,1,80.5,2,3,1,2026-10-16T08:59:27
P153,6,5,1,64.2,4,1,1,2026-10-16T09:03:57
P153,6,6,1,67.3,2,0,1,2026-10-17T22:06:28
P153,6,7,1,60.1,0,1,0,2026-10-18T08:09:40
P153,6,7,2,55.8,3,0,1,2026-10-18T08:11:21
P153,6,8,1,67.9,2,1,1,2026-10-18T08:13:54
P154,7,1,1,39.6,4,0,1,2026-10-11T10:16:45
P154,7,2,1,59.3,4,2,1,2026-10-12T11:19:33
P154,7,3,1,61.6,4,1,1,2026-10-12T11:21:08
P154,7,4,1,107.1,2,2,1,2026-10-12T11:24:39
P154,7,5,1,105.0,4,2,1,2026-10-13T13:26:49
P154,7,6,1,46.5,3,2,0,2026-10-13T13:30:11
P154,7,6,2,64.9,2,0,1,2026-10-13T13:34:00
P154,7,7,1,56.4,6,0,1,2026-10-15T00:37:13
P154,7,8,1,46.5,4,3,1,2026-10-15T00:41:11
P155,6,1,1,50.0,3,1,1,2026-10-05T08:56:56
P155,6,2,1,54.4,2,0,0,2026-10-05T16:59:08
P155,6,2,2,61.4,0,1,1,2026-10-05T17:00:43
P155,6,3,1,95.3,4,1,0,2026-10-07T05:03:45
P155,6,3,2,78.9,4,3,1,2026-10-07T05:05:40
P156,7,1,1,26.6,0,0,1,2026-10-07T08:57:51
P156,7,2,1,26.6,2,0,0,2026-10-08T16:58:37
P156,7,2,2,46.2,1,0,1,2026-10-08T17:02:04
P156,7,3,1,36.7,0,2,1,2026-10-10T01:04:25
P156,7,4,1,62.7,4,2,0,2026-10-11T14:08:16
P156,7,4,2,116.5,6,0,1,2026-10-11T14:10:41
P156,7,5,1,53.1,4,0,1,2026-10-11T14:13:01
P157,6,1,1,45.1,3,2,1,2026-10-10T12:26:02
P157,6,2,1,62.9,3,0,1,2026-10-11T23:27:55
P157,6,3,1,59.6,5,2,0,2026-10-12T10:29:21
P157,6,3,2,143.4,5,2,1,2026-10-12T10:33:28
P157,6,4,1,96.8,2,2,0,2026-10-12T10:39:03
P158,7,1,1,47.5,2,1,1,2026-10-05T14:25:03
P158,7,2,1,84.6,1,0,1,2026-10-05T14:26:33
P159,7,1,1,66.8,1,1,0,2026-10-08T08:11:00
P159,7,1,2,41.1,1,0,1,2026-10-08T08:15:25
P159,7,2,1,47.1,2,1,1,2026-10-08T08:18:15
P159,7,3,1,134.0,2,2,0,2026-10-08T14:19:36
P159,7,3,2,94.2,1,3,1,2026-10-08T14:24:10
P159,7,4,1,258.7,4,3,0,2026-10-08T14:28:09
P159,7,4,2,231.9,6,4,0,2026-10-08T14:34:09
P160,6,1,1,39.7,1,1,1,2026-10-07T12:37:47
P160,6,2,1,29.2,3,2,1,2026-10-08T23:40:16
P160,6,3,1,50.0,1,3,1,2026-10-09T17:41:19
P161,6,1,1,16.0,0,0,1,2026-10-13T14:19:49
P161,6,2,1,49.9,3,2,0,2026-10-13T14:21:38
P161,6,2,2,29.9,2,1,1,2026-10-13T14:25:29
P161,6,3,1,52.9,6,3,0,2026-10-13T14:26:35
P162,7,1,1,56.5,1,1,1,2026-10-08T14:21:07
P162,7,2,1,51.8,3,0,1,2026-10-08T14:24:53
P162,7,3,1,53.2,1,0,0,2026-10-08T14:28:35
P162,7,3,2,102.3,3,1,0,2026-10-08T14:31:20
P162,7,3,3,65.1,2,2,1,2026-10-08T14:35:08
P162,7,4,1,223.5,10,1,0,2026-10-08T14:36:39
P162,7,4,2,57.1,5,1,1,2026-10-08T14:43:38
P162,7,5,1,64.4,2,1,1,2026-10-09T07:47:08
P162,7,6,1,62.8,4,1,0,2026-10-09T16:49:46
P162,7,6,2,104.0,1,1,1,2026-10-09T16:51:32
P162,7,7,1,86.1,5,0,0,2026-10-10T19:53:54
P162,7,7,2,43.7,1,2,1,2026-10-10T19:55:52
P162,7,8,1,128.3,7,1,0,2026-10-10T19:58:45
P163,7,1,1,44.3,1,0,1,2026-10-08T14:35:05
P163,7,2,1,84.4,3,1,1,2026-10-09T18:37:49
P163,7,3,1,42.9,5,3,1,2026-10-10T15:41:32
P163,7,4,1,73.7,4,0,0,2026-10-10T15:44:13
P163,7,4,2,124.4,5,0,0,2026-10-10T15:48:17
P164,6,1,1,21.5,0,0,1,2026-10-13T09:22:15
P164,6,2,1,24.5,0,1,1,2026-10-13T09:25:34
P164,6,3,1,42.3,2,0,1,2026-10-13T09:26:34
P164,6,4,1,38.2,1,0,0,2026-10-13T09:28:22
P164,6,4,2,55.2,2,0,1,2026-10-13T09:29:54
P165,7,1,1,34.9,2,0,0,2026-10-05T12:17:04
P165,7,1,2,26.4,0,0,1,2026-10-05T12:19:39
P165,7,2,1,59.7,1,1,1,2026-10-05T12:21:37
P165,7,3,1,29.3,2,1,1,2026-10-05T12:23:08
P165,7,4,1,82.3,9,2,0,2026-10-05T12:26:08
P165,7,4,2,96.5,5,3,0,2026-10-05T12:30:13
P165,7,4,3,106.4,3,2,1,2026-10-05T12:34:06
P165,7,5,1,36.6,2,0,1,2026-10-06T23:39:01
P165,7,6,1,44.5,4,1,1,2026-10-08T03:42:30
P165,7,7,1,62.1,5,1,1,2026-10-08T03:44:23
P165,7,8,1,31.8,5,2,0,2026-10-08T17:48:18
P165,7,8,2,81.4,4,1,1,2026-10-08T17:49:28
P166,6,1,1,30.7,0,2,1,2026-10-13T08:21:33
P166,6,2,1,118.3,7,1,1,2026-10-13T08:23:51
P166,6,3,1,45.6,0,0,1,2026-10-13T08:28:09
P166,6,4,1,131.4,12,1,1,2026-10-13T08:30:26
P166,6,5,1,90.9,4,1,1,2026-10-13T08:34:46
P166,6,6,1,66.8,2,3,1,2026-10-14T03:39:24
P166,6,7,1,74.4,4,2,1,2026-10-14T03:41:54
P166,6,8,1,104.1,3,4,1,2026-10-14T03:46:02
P167,6,1,1,66.6,1,1,1,2026-10-12T13:03:33
P167,6,2,1,55.5,2,2,1,2026-10-12T13:06:31
P167,6,3,1,77.5,6,1,0,2026-10-12T13:10:28
P167,6,3,2,66.3,1,1,0,2026-10-12T13:14:31
P167,6,3,3,55.6,0,0,0,2026-10-12T13:16:31
P167,6,3,4,81.8,7,2,1,2026-10-12T13:19:43
P167,6,4,1,150.1,10,3,0,2026-10-12T13:22:35
P167,6,4,2,125.7,3,2,1,2026-10-12T13:25:49
P167,6,5,1,62.3,4,4,0,2026-10-14T04:29:00
P167,6,5,2,110.0,1,1,0,2026-10-14T04:31:26
P167,6,5,3,140.8,4,3,0,2026-10-14T04:35:02
P167,6,5,4,114.3,6,2,1,2026-10-14T04:39:07
P167,6,6,1,115.2,3,2,0,2026-10-14T04:42:18
P167,6,6,2,76.2,3,1,1,2026-10-14T04:44:36
P167,6,7,1,77.1,8,4,0,2026-10-15T14:47:33
P167,6,7,2,54.3,7,2,0,2026-10-15T14:51:27
P167,6,7,3,92.1,7,1,1,2026-10-15T14:54:54
P167,6,8,1,130.7,5,3,0,2026-10-15T14:58:32
P167,6,8,2,139.0,6,3,0,2026-10-15T15:02:11
P167,6,8,3,144.3,11,3,0,2026-10-15T15:05:37
P167,6,8,4,51.2,7,1,0,2026-10-15T15:10:48
P167,6,8,5,148.7,0,3,0,2026-10-15T15:12:45
P167,6,8,6,119.9,5,0,1,2026-10-15T15:16:12
P168,6,1,1,29.4,0,1,1,2026-10-13T12:19:44
P168,6,2,1,44.8,2,1,1,2026-10-14T21:20:57
P168,6,3,1,38.5,3,0,1,2026-10-14T21:22:16
P168,6,4,1,77.3,7,3,1,2026-10-15T17:24:27
P168,6,5,1,52.4,2,0,1,2026-10-15T17:26:43
P168,6,6,1,57.8,2,2,0,2026-10-15T17:28:06
P168,6,6,2,64.0,0,1,1,2026-10-15T17:32:02
P168,6,7,1,41.8,2,2,1,2026-10-16T16:34:20
P168,6,8,1,67.3,7,2,0,2026-10-16T16:37:45
P168,6,8,2,82.8,8,1,1,2026-10-16T16:39:32
P169,6,1,1,20.2,0,0,1,2026-10-06T13:44:22
P169,6,2,1,40.5,1,0,1,2026-10-07T00:46:30
P169,6,3,1,32.5,3,1,0,2026-10-07T00:50:11
P169,6,3,2,41.1,1,1,1,2026-10-07T00:53:32
P169,6,4,1,80.2,5,1,1,2026-10-07T00:56:21
P169,6,5,1,75.4,2,1,0,2026-10-07T06:59:06
P170,7,1,1,27.2,1,0,1,2026-10-05T08:56:19
P170,7,2,1,31.0,1,0,1,2026-10-05T08:59:37
P170,7,3,1,33.7,1,1,1,2026-10-05T09:01:15
P170,7,4,1,31.0,3,3,1,2026-10-05T09:02:08
P171,7,1,1,28.6,4,0,1,2026-10-12T09:57:37
P171,7,2,1,59.8,2,0,1,2026-10-13T02:00:38
P171,7,3,1,39.5,4,1,1,2026-10-13T02:03:39
P171,7,4,1,94.1,2,1,0,2026-10-13T14:05:24
P171,7,4,2,69.3,6,3,0,2026-10-13T14:10:08
P171,7,4,3,78.8,4,1,1,2026-10-13T14:12:46
P171,7,5,1,45.5,4,2,1,2026-10-14T15:14:58
P171,7,6,1,38.8,7,3,0,2026-10-14T15:17:36
P171,7,6,2,64.3,5,4,1,2026-10-14T15:21:00
P171,7,7,1,111.6,2,2,0,2026-10-14T15:25:03
P171,7,7,2,62.9,4,0,1,2026-10-14T15:27:49
P171,7,8,1,115.6,2,3,0,2026-10-16T05:29:47
P171,7,8,2,55.1,3,1,1,2026-10-16T05:33:01
P172,6,1,1,64.2,2,0,1,2026-10-08T10:30:14
P172,6,2,1,56.1,3,2,0,2026-10-08T17:34:35
P173,6,1,1,39.4,1,0,1,2026-10-11T11:02:15
P173,6,2,1,36.1,0,0,1,2026-10-12T19:03:29
P173,6,3,1,22.9,2,0,1,2026-10-12T19:05:22
P173,6,4,1,60.8,5,6,1,2026-10-13T13:07:20
P174,6,1,1,42.1,2,0,1,2026-10-12T09:31:25
P174,6,2,1,52.8,2,0,1,2026-10-12T09:32:31
P175,6,1,1,64.0,2,2,0,2026-10-11T08:29:54
P175,6,1,2,45.9,3,1,1,2026-10-11T08:33:38
P175,6,2,1,49.2,1,0,1,2026-10-11T14:35:11
P175,6,3,1,105.4,1,0,1,2026-10-12T15:37:16
P175,6,4,1,73.5,2,3,1,2026-10-13T21:40:38
P175,6,5,1,124.7,8,2,1,2026-10-13T21:44:52
P175,6,6,1,88.9,3,2,0,2026-10-13T21:48:56
P175,6,6,2,73.4,4,1,0,2026-10-13T21:53:20
P175,6,6,3,43.5,1,3,1,2026-10-13T21:57:17
P175,6,7,1,103.8,1,0,0,2026-10-14T15:58:59
P175,6,7,2,120.6,6,1,1,2026-10-14T16:03:03
P175,6,8,1,136.5,7,1,0,2026-10-15T20:05:59
P175,6,8,2,100.8,4,2,1,2026-10-15T20:11:34
P176,6,1,1,46.9,1,2,1,2026-10-06T11:42:53
P176,6,2,1,52.3,3,2,1,2026-10-07T19:44:15
P176,6,3,1,135.9,6,2,1,2026-10-07T19:45:33
P176,6,4,1,65.9,4,2,1,2026-10-08T14:48:48
P176,6,5,1,61.5,5,1,1,2026-10-08T14:52:29
P176,6,6,1,94.0,4,3,1,2026-10-08T14:56:21
P176,6,7,1,77.8,8,2,1,2026-10-10T04:00:34
P176,6,8,1,77.2,9,1,1,2026-10-10T10:02:57
P177,6,1,1,23.9,0,1,1,2026-10-11T14:01:16
P177,6,2,1,47.1,2,0,1,2026-10-11T14:03:33
P177,6,3,1,48.4,1,0,1,2026-10-12T15:07:30
P178,6,1,1,34.0,0,0,0,2026-10-05T13:25:36
P178,6,1,2,20.9,1,1,1,2026-10-05T13:28:51
P178,6,2,1,38.8,3,0,0,2026-10-05T13:32:08
P179,6,1,1,79.4,0,0,1,2026-10-08T09:07:50
P179,6,2,1,51.9,4,4,0,2026-10-08T09:11:41
P179,6,2,2,41.8,0,1,1,2026-10-08T09:13:50
P179,6,3,1,82.0,2,0,1,2026-10-08T20:17:02
P179,6,4,1,165.7,8,4,0,2026-10-08T20:21:22
P179,6,4,2,149.6,3,3,1,2026-10-08T20:27:01
P179,6,5,1,80.1,3,1,0,2026-10-10T03:30:58
P179,6,5,2,49.7,0,2,1,2026-10-10T03:35:07
P179,6,6,1,61.3,4,0,0,2026-10-10T13:36:24
P179,6,6,2,90.4,3,3,0,2026-10-10T13:40:21
P180,7,1,1,46.4,2,1,1,2026-10-10T12:59:33
P180,7,2,1,73.0,3,2,0,2026-10-10T13:02:57
P181,6,1,1,41.6,3,4,0,2026-10-12T13:55:45
P181,6,1,2,35.1,0,0,1,2026-10-12T13:57:07
P181,6,2,1,43.9,1,0,0,2026-10-12T14:00:42
P181,6,2,2,64.6,0,0,1,2026-10-12T14:04:17
P181,6,3,1,85.9,3,1,0,2026-10-13T10:07:40
P181,6,3,2,102.7,0,0,1,2026-10-13T10:12:08
P181,6,4,1,117.3,7,5,0,2026-10-13T10:14:44
P181,6,4,2,150.0,6,3,0,2026-10-13T10:19:48
P181,6,4,3,154.0,10,6,0,2026-10-13T10:25:19
P181,6,4,4,141.0,2,3,1,2026-10-13T10:28:38
P181,6,5,1,59.5,7,1,0,2026-10-14T21:31:36
P181,6,5,2,94.9,4,0,1,2026-10-14T21:35:18
P181,6,6,1,66.3,3,0,0,2026-10-14T21:38:53
P181,6,6,2,88.1,4,1,1,2026-10-14T21:42:44
P181,6,7,1,52.3,7,1,0,2026-10-14T21:44:34
P181,6,7,2,80.8,3,4,0,2026-10-14T21:46:55
P181,6,7,3,124.5,3,1,0,2026-10-14T21:49:16
P181,6,7,4,52.3,0,3,1,2026-10-14T21:53:14
P181,6,8,1,80.1,1,3,1,2026-10-14T21:55:25
P182,7,1,1,22.6,1,0,1,2026-10-12T12:57:11
P182,7,2,1,23.2,3,1,1,2026-10-13T06:00:47
P182,7,3,1,33.0,3,0,0,2026-10-13T23:02:46
P183,7,1,1,47.2,4,1,0,2026-10-10T12:57:44
P183,7,1,2,49.8,0,1,0,2026-10-10T13:00:04
P183,7,1,3,39.9,0,0,1,2026-10-10T13:01:16
P183,7,2,1,37.1,2,0,0,2026-10-10T13:02:19
P183,7,2,2,48.5,2,1,0,2026-10-10T13:04:34
P183,7,2,3,41.9,1,1,1,2026-10-10T13:06:05
P183,7,3,1,54.4,3,2,0,2026-10-10T23:08:11
P183,7,3,2,54.0,4,1,0,2026-10-10T23:12:14
P183,7,3,3,93.0,6,2,0,2026-10-10T23:13:38
P183,7,3,4,41.4,4,1,0,2026-10-10T23:16:42
P183,7,3,5,62.7,1,1,0,2026-10-10T23:18:42
P184,6,1,1,29.2,0,3,1,2026-10-12T14:12:04
P184,6,2,1,50.2,2,0,1,2026-10-12T14:14:16
P184,6,3,1,43.5,1,1,1,2026-10-13T00:16:46
P185,6,1,1,52.1,3,0,0,2026-10-06T13:32:01
P185,6,1,2,96.2,2,0,0,2026-10-06T13:33:49
P186,7,1,1,74.8,1,2,1,2026-10-10T11:37:53
P186,7,2,1,44.0,3,1,1,2026-10-11T10:41:51
P186,7,3,1,65.7,6,0,1,2026-10-11T10:45:48
P186,7,4,1,71.8,6,2,0,2026-10-11T10:48:43
P186,7,4,2,98.9,7,3,0,2026-10-11T10:50:40
P186,7,4,3,103.8,6,0,0,2026-10-11T10:54:48
P186,7,4,4,99.3,4,6,1,2026-10-11T10:59:45
P186,7,5,1,46.3,4,2,1,2026-10-12T23:03:47
P186,7,6,1,80.1,3,2,1,2026-10-13T05:05:13
P186,7,7,1,145.3,0,1,1,2026-10-13T05:09:29
P186,7,8,1,90.1,5,4,0,2026-10-13T05:14:02
P186,7,8,2,119.8,7,0,0,2026-10-13T05:18:28
P186,7,8,3,68.1,0,1,1,2026-10-13T05:22:47
P187,7,1,1,71.1,4,0,0,2026-10-07T13:03:41
P187,7,1,2,59.2,0,1,1,2026-10-07T13:06:50
P187,7,2,1,130.1,3,1,0,2026-10-08T05:09:14
P187,7,2,2,69.9,2,0,1,2026-10-08T05:12:10
P187,7,3,1,59.6,5,3,0,2026-10-08T13:13:52
P188,7,1,1,86.7,3,0,1,2026-10-13T11:26:34
P188,7,2,1,49.1,0,0,1,2026-10-13T22:30:03
P188,7,3,1,67.4,3,1,1,2026-10-15T13:31:35
P188,7,4,1,171.3,8,1,0,2026-10-15T13:34:50
P188,7,4,2,70.8,4,0,0,2026-10-15T13:38:05
P188,7,4,3,93.0,2,2,1,2026-10-15T13:40:40
P188,7,5,1,46.4,4,1,0,2026-10-15T21:44:18
P188,7,5,2,56.4,2,3,1,2026-10-15T21:45:46
P188,7,6,1,55.6,7,1,1,2026-10-17T00:49:27
P188,7,7,1,79.5,2,2,1,2026-10-17T00:51:41
P188,7,8,1,100.2,7,1,1,2026-10-17T00:55:10
P189,6,1,1,49.8,2,2,1,2026-10-12T14:30:58
P189,6,2,1,40.8,2,3,1,2026-10-12T14:35:04
P189,6,3,1,45.5,4,1,1,2026-10-12T14:38:59
P189,6,4,1,80.1,10,1,1,2026-10-13T18:41:13
P189,6,5,1,36.9,1,2,1,2026-10-13T18:43:23
P189,6,6,1,83.6,5,0,1,2026-10-14T18:46:23
P189,6,7,1,94.8,11,1,0,2026-10-16T07:48:49
P189,6,7,2,56.5,4,1,1,2026-10-16T07:52:44
P189,6,8,1,117.9,5,1,0,2026-10-17T14:56:14
P189,6,8,2,115.4,2,1,1,2026-10-17T15:00:40
P190,7,1,1,43.2,1,0,0,2026-10-09T11:29:56
P191,6,1,1,61.8,2,1,1,2026-10-13T09:44:20
P191,6,2,1,70.1,3,2,1,2026-10-13T09:48:32
P191,6,3,1,74.2,1,2,0,2026-10-13T09:51:32
P192,7,1,1,107.4,1,2,1,2026-10-10T14:30:32
P193,6,1,1,74.9,2,0,1,2026-10-10T12:15:03
P193,6,2,1,54.2,3,1,1,2026-10-11T05:19:19
P193,6,3,1,78.8,2,3,1,2026-10-11T05:22:12
P193,6,4,1,90.5,6,0,0,2026-10-11T12:25:39
P193,6,4,2,115.8,4,0,0,2026-10-11T12:30:27
P193,6,4,3,69.7,8,2,1,2026-10-11T12:35:24
P193,6,5,1,106.8,4,3,1,2026-10-12T11:39:17
P193,6,6,1,66.7,5,3,0,2026-10-13T03:42:41
P193,6,6,2,119.7,5,1,1,2026-10-13T03:44:51
P193,6,7,1,94.5,6,0,0,2026-10-13T20:48:15
P193,6,7,2,150.1,4,0,0,2026-10-13T20:51:40
P193,6,7,3,80.5,1,3,1,2026-10-13T20:57:18
P193,6,8,1,84.9,5,1,0,2026-10-14T08:01:38
P193,6,8,2,103.1,7,3,0,2026-10-14T08:03:30
P193,6,8,3,87.8,5,2,1,2026-10-14T08:07:03
P194,7,1,1,39.0,2,1,1,2026-10-06T10:57:42
P194,7,2,1,70.5,5,0,1,2026-10-07T19:01:23
P194,7,3,1,82.6,3,2,0,2026-10-07T19:03:40
P194,7,3,2,38.9,2,1,0,2026-10-07T19:06:49
P195,6,1,1,72.7,7,1,1,2026-10-05T08:43:06
P195,6,2,1,51.1,3,2,1,2026-10-06T05:46:26
P195,6,3,1,56.9,5,3,1,2026-10-06T20:47:37
P195,6,4,1,82.9,2,2,1,2026-10-07T19:51:50
P195,6,5,1,45.9,2,1,1,2026-10-09T06:56:19
P195,6,6,1,55.7,1,0,0,2026-10-09T06:59:59
P195,6,6,2,51.5,2,4,1,2026-10-09T07:03:13
P195,6,7,1,66.8,4,1,1,2026-10-09T20:06:52
P195,6,8,1,89.2,3,0,1,2026-10-09T20:09:25
P196,6,1,1,56.6,0,2,1,2026-10-07T13:35:34
P196,6,2,1,46.7,2,1,1,2026-10-07T13:37:59
P196,6,3,1,57.2,0,3,1,2026-10-09T01:42:04
P196,6,4,1,64.0,5,3,1,2026-10-10T12:44:10
P196,6,5,1,101.1,4,0,0,2026-10-10T12:47:46
P196,6,5,2,37.2,4,2,1,2026-10-10T12:51:31
P197,7,1,1,53.0,0,2,1,2026-10-08T14:11:48
P197,7,2,1,41.1,1,0,1,2026-10-09T03:13:37
P197,7,3,1,58.6,2,0,0,2026-10-09T03:16:32
P197,7,3,2,107.0,3,0,1,2026-10-09T03:19:37
P197,7,4,1,136.2,8,3,0,2026-10-09T10:22:00
P197,7,4,2,98.1,7,3,0,2026-10-09T10:26:19
P197,7,4,3,111.5,4,3,1,2026-10-09T10:28:32
P197,7,5,1,62.6,5,2,1,2026-10-09T10:33:42
P197,7,6,1,71.6,1,1,1,2026-10-10T00:35:25
P197,7,7,1,80.1,3,4,0,2026-10-10T00:39:28
P197,7,7,2,56.4,4,2,1,2026-10-10T00:41:15
P197,7,8,1,156.7,4,1,1,2026-10-11T03:43:41
P198,7,1,1,30.3,5,2,1,2026-10-06T08:21:36
P198,7,2,1,57.7,2,1,1,2026-10-06T15:22:39
P198,7,3,1,58.8,3,1,0,2026-10-07T12:25:06
P198,7,3,2,43.6,2,0,1,2026-10-07T12:28:51
P198,7,4,1,104.5,6,2,1,2026-10-07T12:30:43
P198,7,5,1,41.9,2,2,1,2026-10-07T12:33:20
P198,7,6,1,64.1,3,1,0,2026-10-08T11:35:17
P199,6,1,1,30.1,0,1,1,2026-10-11T10:08:14
P199,6,2,1,50.0,2,0,1,2026-10-11T10:10:33
P199,6,3,1,70.4,5,0,1,2026-10-11T10:13:38
P199,6,4,1,58.6,5,0,1,2026-10-12T23:17:19
P199,6,5,1,43.1,3,0,1,2026-10-14T07:19:59
P199,6,6,1,95.6,5,1,1,2026-10-14T07:22:24
P199,6,7,1,67.8,3,1,0,2026-10-14T18:25:37
P200,6,1,1,44.4,4,1,1,2026-10-06T09:26:34
P200,6,2,1,45.1,1,1,1,2026-10-06T18:30:05
P200,6,3,1,59.3,7,1,1,2026-10-06T18:33:20
P200,6,4,1,137.3,9,2,0,2026-10-07T13:37:30
P200,6,4,2,140.1,6,2,0,2026-10-07T13:41:02
P200,6,4,3,100.0,6,2,1,2026-10-07T13:46:22
P200,6,5,1,142.0,7,3,0,2026-10-09T01:50:24
P200,6,5,2,53.2,2,5,1,2026-10-09T01:54:24
P200,6,6,1,101.1,6,3,1,2026-10-10T15:55:52
P200,6,7,1,129.9,4,4,0,2026-10-10T15:58:28
P200,6,7,2,119.0,2,1,1,2026-10-10T16:02:52
P200,6,8,1,117.6,4,3,0,2026-10-11T06:05:31
P200,6,8,2,86.0,6,1,1,2026-10-11T06:10:13
