student_id,assessment,score,submitted_at,deadline
S001,final_project,81.9,2026-11-09T02:56:39,2026-11-10T23:59:00
S001,quiz_1,84.3,2026-09-12T00:08:51,2026-09-15T23:59:00
S001,quiz_2,81.9,2026-09-15T01:29:23,2026-09-22T23:59:00
S001,quiz_3,76.6,2026-09-30T10:10:53,2026-09-29T23:59:00
S001,quiz_4,81.2,2026-10-05T04:17:44,2026-10-06T23:59:00
S001,quiz_5,81.6,2026-10-12T12:37:15,2026-10-13T23:59:00
S001,quiz_6,79.3,2026-10-17T14:33:22,2026-10-20T23:59:00
S001,quiz_7,88.6,2026-10-26T21:17:41,2026-10-27T23:59:00
S001,quiz_8,77.8,2026-10-30T05:15:53,2026-11-03T23:59:00
S002,final_project,72.0,2026-11-07T18:23:51,2026-11-10T23:59:00
S002,quiz_1,68.5,2026-09-15T18:53:26,2026-09-15T23:59:00
S002,quiz_2,77.3,2026-09-22T11:23:47,2026-09-22T23:59:00
S002,quiz_3,71.0,2026-09-28T14:50:15,2026-09-29T23:59:00
S002,quiz_4,60.2,2026-10-06T10:42:16,2026-10-06T23:59:00
S002,quiz_5,75.8,2026-10-13T16:21:36,2026-10-13T23:59:00
S002,quiz_6,67.4,2026-10-20T10:35:51,2026-10-20T23:59:00
S002,quiz_7,70.3,2026-10-27T05:01:41,2026-10-27T23:59:00
S002,quiz_8,68.5,2026-11-03T08:43:26,2026-11-03T23:59:00
S003,final_project,73.2,2026-11-10T09:23:28,2026-11-10T23:59:00
S003,quiz_1,78.6,2026-09-15T14:33:45,2026-09-15T23:59:00
S003,quiz_2,66.4,2026-09-21T11:43:37,2026-09-22T23:59:00
S003,quiz_3,67.7,2026-09-26T16:08:14,2026-09-29T23:59:00
S003,quiz_4,64.0,2026-10-06T20:18:58,2026-10-06T23:59:00
S003,quiz_5,81.1,2026-10-05T08:24:40,2026-10-13T23:59:00
S003,quiz_6,81.1,2026-10-16T18:42:16,2026-10-20T23:59:00
S003,quiz_7,74.6,2026-10-23T10:32:36,2026-10-27T23:59:00
S003,quiz_8,73.1,2026-10-29T22:34:12,2026-11-03T23:59:00
S004,final_project,70.0,2026-11-09T15:31:10,2026-11-10T23:59:00
S004,quiz_1,72.4,2026-09-15T07:29:26,2026-09-15T23:59:00
S004,quiz_2,71.1,2026-09-21T17:15:11,2026-09-22T23:59:00
S004,quiz_3,70.2,2026-09-29T14:14:33,2026-09-29T23:59:00
S004,quiz_4,70.6,2026-10-06T21:32:57,2026-10-06T23:59:00
S004,quiz_5,69.7,2026-10-13T09:53:09,2026-10-13T23:59:00
S004,quiz_6,75.8,2026-10-20T17:37:15,2026-10-20T23:59:00
S004,quiz_7,78.1,2026-10-27T19:25:19,2026-10-27T23:59:00
S004,quiz_8,85.3,2026-11-03T19:45:14,2026-11-03T23:59:00
S005,final_project,66.1,2026-11-08T19:57:08,2026-11-10T23:59:00
S005,quiz_1,69.8,2026-09-14T18:14:34,2026-09-15T23:59:00
S005,quiz_2,74.5,2026-09-21T09:17:28,2026-09-22T23:59:00
S005,quiz_3,73.1,2026-09-24T15:03:41,2026-09-29T23:59:00
S005,quiz_4,74.4,2026-10-04T20:53:12,2026-10-06T23:59:00
S005,quiz_5,70.1,2026-10-08T02:55:29,2026-10-13T23:59:00
S005,quiz_6,66.1,2026-10-18T03:29:17,2026-10-20T23:59:00
S005,quiz_7,71.5,2026-10-26T11:36:33,2026-10-27T23:59:00
S005,quiz_8,62.0,2026-10-29T07:09:40,2026-11-03T23:59:00
S006,final_project,92.9,2026-11-08T20:33:49,2026-11-10T23:59:00
S006,quiz_1,92.0,2026-09-12T14:24:07,2026-09-15T23:59:00
S006,quiz_2,88.3,2026-09-20T04:46:45,2026-09-22T23:59:00
S006,quiz_3,78.1,2026-09-26T08:01:37,2026-09-29T23:59:00
S006,quiz_4,84.6,2026-10-02T17:31:19,2026-10-06T23:59:00
S006,quiz_5,100.0,2026-10-08T09:31:11,2026-10-13T23:59:00
S006,quiz_6,94.1,2026-10-21T07:33:05,2026-10-20T23:59:00
S006,quiz_7,100.0,2026-10-22T05:54:51,2026-10-27T23:59:00
S006,quiz_8,100.0,2026-10-29T00:23:24,2026-11-03T23:59:00
S007,final_project,79.3,2026-11-10T15:40:57,2026-11-10T23:59:00
S007,quiz_1,82.8,2026-09-14T09:38:58,2026-09-15T23:59:00
S007,quiz_2,83.4,2026-09-21T17:50:38,2026-09-22T23:59:00
S007,quiz_3,59.1,2026-09-29T15:54:40,2026-09-29T23:59:00
S007,quiz_4,64.8,2026-10-06T19:41:50,2026-10-06T23:59:00
S007,quiz_5,76.4,2026-10-13T13:31:09,2026-10-13T23:59:00
S007,quiz_6,60.7,2026-10-20T19:31:30,2026-10-20T23:59:00
S007,quiz_7,68.1,2026-10-27T12:57:14,2026-10-27T23:59:00
S007,quiz_8,77.7,2026-11-03T17:59:46,2026-11-03T23:59:00
S008,final_project,80.2,2026-11-09T04:50:59,2026-11-10T23:59:00
S008,quiz_1,72.3,2026-09-08T23:14:47,2026-09-15T23:59:00
S008,quiz_2,72.6,2026-09-18T11:52:23,2026-09-22T23:59:00
S008,quiz_3,85.8,2026-09-27T17:21:58,2026-09-29T23:59:00
S008,quiz_4,73.5,2026-10-03T19:01:00,2026-10-06T23:59:00
S008,quiz_5,85.1,2026-10-08T06:21:51,2026-10-13T23:59:00
S008,quiz_6,75.8,2026-10-17T00:50:34,2026-10-20T23:59:00
S008,quiz_7,80.8,2026-10-23T02:03:09,2026-10-27T23:59:00
S008,quiz_8,89.1,2026-10-29T04:39:59,2026-11-03T23:59:00
S009,final_project,88.5,2026-11-09T18:53:45,2026-11-10T23:59:00
S009,quiz_1,96.9,2026-09-14T23:05:02,2026-09-15T23:59:00
S009,quiz_2,100.0,2026-09-20T20:41:26,2026-09-22T23:59:00
S009,quiz_3,89.0,2026-09-28T01:41:50,2026-09-29T23:59:00
S009,quiz_4,95.2,2026-10-06T03:09:03,2026-10-06T23:59:00
S009,quiz_5,93.5,2026-10-10T22:11:27,2026-10-13T23:59:00
S009,quiz_6,97.7,2026-10-19T05:15:38,2026-10-20T23:59:00
S009,quiz_7,90.5,2026-10-26T02:57:02,2026-10-27T23:59:00
S009,quiz_8,100.0,2026-11-03T10:32:06,2026-11-03T23:59:00
S010,final_project,74.0,2026-11-10T02:42:02,2026-11-10T23:59:00
S010,quiz_1,77.2,2026-09-15T18:25:54,2026-09-15T23:59:00
S010,quiz_2,74.8,2026-09-22T12:15:43,2026-09-22T23:59:00
S010,quiz_3,64.9,2026-09-29T11:58:28,2026-09-29T23:59:00
S010,quiz_4,71.5,2026-10-06T19:16:50,2026-10-06T23:59:00
S010,quiz_5,71.8,2026-10-13T15:02:38,2026-10-13T23:59:00
S010,quiz_6,69.5,2026-10-21T04:23:23,2026-10-20T23:59:00
S010,quiz_7,83.3,2026-10-27T22:09:28,2026-10-27T23:59:00
S010,quiz_8,75.1,2026-11-02T17:47:41,2026-11-03T23:59:00
S011,final_project,70.9,2026-11-10T18:23:07,2026-11-10T23:59:00
S011,quiz_1,72.1,2026-09-14T14:57:35,2026-09-15T23:59:00
S011,quiz_2,68.4,2026-09-23T04:15:27,2026-09-22T23:59:00
S011,quiz_3,63.8,2026-09-28T23:09:25,2026-09-29T23:59:00
S011,quiz_4,60.9,2026-10-06T12:02:55,2026-10-06T23:59:00
S011,quiz_5,64.9,2026-10-11T04:53:40,2026-10-13T23:59:00
S011,quiz_6,59.5,2026-10-20T20:50:18,2026-10-20T23:59:00
S011,quiz_7,61.6,2026-10-27T04:31:07,2026-10-27T23:59:00
S011,quiz_8,63.4,2026-11-03T14:18:51,2026-11-03T23:59:00
S012,final_project,64.9,2026-11-10T06:56:39,2026-11-10T23:59:00
S012,quiz_1,75.5,2026-09-15T19:32:47,2026-09-15T23:59:00
S012,quiz_2,72.9,2026-09-22T17:49:43,2026-09-22T23:59:00
S012,quiz_3,61.4,2026-09-30T03:02:02,2026-09-29T23:59:00
S012,quiz_4,62.3,2026-10-06T19:46:34,2026-10-06T23:59:00
S012,quiz_5,78.2,2026-10-13T18:52:45,2026-10-13T23:59:00
S012,quiz_6,61.4,2026-10-20T10:52:47,2026-10-20T23:59:00
S012,quiz_7,72.9,2026-10-27T22:14:45,2026-10-27T23:59:00
S012,quiz_8,69.5,2026-11-04T00:38:01,2026-11-03T23:59:00
S013,final_project,78.1,2026-11-09T23:52:13,2026-11-10T23:59:00
S013,quiz_1,79.3,2026-09-15T01:22:18,2026-09-15T23:59:00
S013,quiz_2,68.7,2026-09-21T04:01:05,2026-09-22T23:59:00
S013,quiz_3,71.6,2026-09-28T11:52:15,2026-09-29T23:59:00
S013,quiz_4,76.7,2026-10-06T08:37:38,2026-10-06T23:59:00
S013,quiz_5,79.9,2026-10-11T23:15:37,2026-10-13T23:59:00
S013,quiz_6,63.7,2026-10-18T22:21:08,2026-10-20T23:59:00
S013,quiz_7,84.1,2026-10-26T09:31:52,2026-10-27T23:59:00
S013,quiz_8,88.6,2026-11-02T14:14:52,2026-11-03T23:59:00
S014,final_project,86.0,2026-11-10T17:06:53,2026-11-10T23:59:00
S014,quiz_1,79.9,2026-09-14T17:05:31,2026-09-15T23:59:00
S014,quiz_2,81.2,2026-09-20T18:47:40,2026-09-22T23:59:00
S014,quiz_3,72.0,2026-09-26T10:16:52,2026-09-29T23:59:00
S014,quiz_4,76.3,2026-10-07T10:01:15,2026-10-06T23:59:00
S014,quiz_5,80.3,2026-10-09T15:16:56,2026-10-13T23:59:00
S014,quiz_6,79.2,2026-10-18T20:32:16,2026-10-20T23:59:00
S014,quiz_7,89.0,2026-10-26T12:23:38,2026-10-27T23:59:00
S014,quiz_8,89.2,2026-10-26T15:02:20,2026-11-03T23:59:00
S015,final_project,84.4,2026-11-10T16:06:24,2026-11-10T23:59:00
S015,quiz_1,78.7,2026-09-15T18:38:44,2026-09-15T23:59:00
S015,quiz_2,79.3,2026-09-22T16:39:27,2026-09-22T23:59:00
S015,quiz_3,73.5,2026-09-29T21:23:42,2026-09-29T23:59:00
S015,quiz_4,71.5,2026-10-06T21:06:03,2026-10-06T23:59:00
S015,quiz_5,84.2,2026-10-13T05:13:20,2026-10-13T23:59:00
S015,quiz_6,82.5,2026-10-21T08:08:37,2026-10-20T23:59:00
S015,quiz_7,62.9,2026-10-27T21:00:49,2026-10-27T23:59:00
S015,quiz_8,58.4,2026-11-03T21:45:05,2026-11-03T23:59:00
S016,final_project,91.7,2026-10-27T23:59:00,2026-11-10T23:59:00
S016,quiz_1,87.2,2026-09-10T22:44:57,2026-09-15T23:59:00
S016,quiz_2,81.6,2026-09-20T21:55:38,2026-09-22T23:59:00
S016,quiz_3,77.7,2026-09-25T22:45:57,2026-09-29T23:59:00
S016,quiz_4,85.6,2026-09-28T00:31:17,2026-10-06T23:59:00
S016,quiz_5,85.1,2026-10-14T04:27:38,2026-10-13T23:59:00
S016,quiz_6,80.0,2026-10-14T15:34:24,2026-10-20T23:59:00
S016,quiz_7,81.4,2026-10-23T00:41:38,2026-10-27T23:59:00
S016,quiz_8,88.0,2026-10-31T16:01:38,2026-11-03T23:59:00
S017,final_project,54.5,2026-11-08T07:38:56,2026-11-10T23:59:00
S017,quiz_1,47.9,2026-09-14T13:39:50,2026-09-15T23:59:00
S017,quiz_2,46.9,2026-09-22T14:11:17,2026-09-22T23:59:00
S017,quiz_3,51.2,2026-09-28T05:19:37,2026-09-29T23:59:00
S017,quiz_4,43.6,2026-10-06T03:53:07,2026-10-06T23:59:00
S017,quiz_5,47.0,2026-10-13T13:53:17,2026-10-13T23:59:00
S017,quiz_6,44.5,2026-10-19T06:06:25,2026-10-20T23:59:00
S017,quiz_7,41.8,2026-10-27T03:24:33,2026-10-27T23:59:00
S017,quiz_8,36.7,2026-11-03T12:24:19,2026-11-03T23:59:00
S018,final_project,81.3,2026-11-07T00:35:56,2026-11-10T23:59:00
S018,quiz_1,78.4,2026-09-09T14:56:03,2026-09-15T23:59:00
S018,quiz_2,91.9,2026-09-14T01:47:35,2026-09-22T23:59:00
S018,quiz_3,74.7,2026-09-22T00:41:24,2026-09-29T23:59:00
S018,quiz_4,81.5,2026-10-03T06:03:39,2026-10-06T23:59:00
S018,quiz_5,89.7,2026-10-09T17:52:27,2026-10-13T23:59:00
S018,quiz_6,80.3,2026-10-14T10:37:16,2026-10-20T23:59:00
S018,quiz_7,88.0,2026-10-20T06:03:54,2026-10-27T23:59:00
S018,quiz_8,92.1,2026-10-27T01:29:30,2026-11-03T23:59:00
S019,final_project,69.5,2026-11-10T23:24:20,2026-11-10T23:59:00
S019,quiz_1,67.9,2026-09-15T21:47:58,2026-09-15T23:59:00
S019,quiz_2,60.2,2026-09-22T13:04:47,2026-09-22T23:59:00
S019,quiz_3,65.1,2026-09-30T04:41:01,2026-09-29T23:59:00
S019,quiz_4,74.4,2026-10-07T10:06:20,2026-10-06T23:59:00
S019,quiz_5,63.2,2026-10-13T22:46:43,2026-10-13T23:59:00
S019,quiz_6,63.0,2026-10-20T22:54:43,2026-10-20T23:59:00
S019,quiz_7,70.1,2026-10-27T17:37:38,2026-10-27T23:59:00
S019,quiz_8,70.8,2026-11-03T20:03:13,2026-11-03T23:59:00
S020,final_project,82.2,2026-11-10T01:27:38,2026-11-10T23:59:00
S020,quiz_1,72.7,2026-09-15T03:12:36,2026-09-15T23:59:00
S020,quiz_2,72.5,2026-09-23T02:04:36,2026-09-22T23:59:00
S020,quiz_3,71.7,2026-09-29T05:37:43,2026-09-29T23:59:00
S020,quiz_4,81.4,2026-10-06T10:51:09,2026-10-06T23:59:00
S020,quiz_5,80.1,2026-10-13T06:09:26,2026-10-13T23:59:00
S020,quiz_6,70.6,2026-10-18T13:06:28,2026-10-20T23:59:00
S020,quiz_7,84.7,2026-10-27T01:20:59,2026-10-27T23:59:00
S020,quiz_8,83.1,2026-11-03T13:56:15,2026-11-03T23:59:00
S021,final_project,69.6,2026-11-10T06:00:34,2026-11-10T23:59:00
S021,quiz_1,83.8,2026-09-14T13:30:23,2026-09-15T23:59:00
S021,quiz_2,82.1,2026-09-21T00:49:19,2026-09-22T23:59:00
S021,quiz_3,76.3,2026-09-27T03:07:20,2026-09-29T23:59:00
S021,quiz_4,77.2,2026-10-06T09:06:13,2026-10-06T23:59:00
S021,quiz_5,84.3,2026-10-13T15:07:01,2026-10-13T23:59:00
S021,quiz_6,84.1,2026-10-20T04:00:16,2026-10-20T23:59:00
S021,quiz_7,72.6,2026-10-24T09:25:16,2026-10-27T23:59:00
S021,quiz_8,69.6,2026-11-03T01:12:55,2026-11-03T23:59:00
S022,final_project,84.5,2026-11-09T22:39:02,2026-11-10T23:59:00
S022,quiz_1,68.2,2026-09-13T16:44:26,2026-09-15T23:59:00
S022,quiz_2,90.1,2026-09-21T14:58:07,2026-09-22T23:59:00
S022,quiz_3,74.2,2026-09-26T10:27:54,2026-09-29T23:59:00
S022,quiz_4,80.7,2026-10-04T15:15:24,2026-10-06T23:59:00
S022,quiz_5,92.1,2026-10-09T15:08:05,2026-10-13T23:59:00
S022,quiz_6,89.5,2026-10-15T14:25:47,2026-10-20T23:59:00
S022,quiz_7,96.7,2026-10-22T23:17:25,2026-10-27T23:59:00
S022,quiz_8,81.9,2026-11-03T10:09:41,2026-11-03T23:59:00
S023,final_project,87.4,2026-11-09T08:22:06,2026-11-10T23:59:00
S023,quiz_1,100.0,2026-09-14T08:23:42,2026-09-15T23:59:00
S023,quiz_2,80.4,2026-09-19T09:14:05,2026-09-22T23:59:00
S023,quiz_3,82.8,2026-09-28T13:36:40,2026-09-29T23:59:00
S023,quiz_4,85.1,2026-10-05T06:40:47,2026-10-06T23:59:00
S023,quiz_5,69.9,2026-10-12T18:49:22,2026-10-13T23:59:00
S023,quiz_6,88.5,2026-10-19T15:40:41,2026-10-20T23:59:00
S023,quiz_7,82.4,2026-10-27T13:39:42,2026-10-27T23:59:00
S023,quiz_8,77.3,2026-11-02T23:29:00,2026-11-03T23:59:00
S024,final_project,95.2,2026-11-10T06:46:56,2026-11-10T23:59:00
S024,quiz_1,85.3,2026-09-15T13:07:48,2026-09-15T23:59:00
S024,quiz_2,74.6,2026-09-22T16:20:50,2026-09-22T23:59:00
S024,quiz_3,84.7,2026-09-29T00:33:14,2026-09-29T23:59:00
S024,quiz_4,75.4,2026-10-06T11:04:27,2026-10-06T23:59:00
S024,quiz_5,78.8,2026-10-12T16:54:58,2026-10-13T23:59:00
S024,quiz_6,69.2,2026-10-20T13:05:44,2026-10-20T23:59:00
S024,quiz_7,86.8,2026-10-26T14:02:48,2026-10-27T23:59:00
S024,quiz_8,82.4,2026-11-01T10:39:11,2026-11-03T23:59:00
S025,final_project,82.7,2026-11-09T11:08:31,2026-11-10T23:59:00
S025,quiz_1,87.7,2026-09-12T06:29:35,2026-09-15T23:59:00
S025,quiz_2,84.6,2026-09-20T13:18:23,2026-09-22T23:59:00
S025,quiz_3,83.1,2026-09-28T14:58:22,2026-09-29T23:59:00
S025,quiz_4,92.6,2026-10-07T02:13:03,2026-10-06T23:59:00
S025,quiz_5,88.4,2026-10-12T13:29:46,2026-10-13T23:59:00
S025,quiz_6,80.1,2026-10-18T20:01:44,2026-10-20T23:59:00
S025,quiz_7,95.3,2026-10-23T05:35:53,2026-10-27T23:59:00
S025,quiz_8,87.2,2026-10-31T12:55:51,2026-11-03T23:59:00
S026,final_project,74.7,2026-11-10T12:15:55,2026-11-10T23:59:00
S026,quiz_1,73.9,2026-09-14T18:26:26,2026-09-15T23:59:00
S026,quiz_2,74.3,2026-09-21T13:39:02,2026-09-22T23:59:00
S026,quiz_3,68.0,2026-09-28T05:50:25,2026-09-29T23:59:00
S026,quiz_4,69.7,2026-10-06T05:25:00,2026-10-06T23:59:00
S026,quiz_5,79.9,2026-10-13T18:15:44,2026-10-13T23:59:00
S026,quiz_6,84.5,2026-10-20T15:30:08,2026-10-20T23:59:00
S026,quiz_7,83.3,2026-10-26T21:18:36,2026-10-27T23:59:00
S026,quiz_8,64.7,2026-11-02T17:48:10,2026-11-03T23:59:00
S027,final_project,75.0,2026-10-31T01:00:58,2026-11-10T23:59:00
S027,quiz_1,79.8,2026-09-14T03:07:21,2026-09-15T23:59:00
S027,quiz_2,73.6,2026-09-18T18:27:54,2026-09-22T23:59:00
S027,quiz_3,75.4,2026-09-24T00:11:13,2026-09-29T23:59:00
S027,quiz_4,74.4,2026-10-04T16:45:13,2026-10-06T23:59:00
S027,quiz_5,82.4,2026-10-07T14:54:36,2026-10-13T23:59:00
S027,quiz_6,73.8,2026-10-14T06:10:03,2026-10-20T23:59:00
S027,quiz_7,78.3,2026-10-24T05:28:58,2026-10-27T23:59:00
S027,quiz_8,70.1,2026-10-30T16:46:30,2026-11-03T23:59:00
S028,final_project,65.2,2026-11-09T01:26:55,2026-11-10T23:59:00
S028,quiz_1,68.5,2026-09-15T14:13:57,2026-09-15T23:59:00
S028,quiz_2,69.0,2026-09-16T23:43:24,2026-09-22T23:59:00
S028,quiz_3,66.0,2026-09-28T11:25:53,2026-09-29T23:59:00
S028,quiz_4,65.6,2026-10-01T06:44:45,2026-10-06T23:59:00
S028,quiz_5,73.4,2026-10-10T14:57:25,2026-10-13T23:59:00
S028,quiz_6,72.4,2026-10-15T21:09:55,2026-10-20T23:59:00
S028,quiz_7,54.8,2026-10-27T18:12:08,2026-10-27T23:59:00
S028,quiz_8,60.2,2026-11-02T21:08:52,2026-11-03T23:59:00
S029,final_project,68.5,2026-11-09T23:47:33,2026-11-10T23:59:00
S029,quiz_1,81.3,2026-09-14T12:47:18,2026-09-15T23:59:00
S029,quiz_2,92.8,2026-09-22T04:08:49,2026-09-22T23:59:00
S029,quiz_3,69.6,2026-09-29T11:50:33,2026-09-29T23:59:00
S029,quiz_4,74.4,2026-10-06T03:52:25,2026-10-06T23:59:00
S029,quiz_5,91.8,2026-10-11T11:23:52,2026-10-13T23:59:00
S029,quiz_6,75.2,2026-10-19T19:42:38,2026-10-20T23:59:00
S029,quiz_7,73.0,2026-10-27T08:16:51,2026-10-27T23:59:00
S029,quiz_8,77.8,2026-11-03T15:38:36,2026-11-03T23:59:00
S030,final_project,69.3,2026-11-09T18:50:10,2026-11-10T23:59:00
S030,quiz_1,80.0,2026-09-13T06:40:34,2026-09-15T23:59:00
S030,quiz_2,74.9,2026-09-22T02:46:57,2026-09-22T23:59:00
S030,quiz_3,62.4,2026-09-29T00:43:46,2026-09-29T23:59:00
S030,quiz_4,63.2,2026-10-06T16:15:37,2026-10-06T23:59:00
S030,quiz_5,66.6,2026-10-13T14:56:05,2026-10-13T23:59:00
S030,quiz_6,68.7,2026-10-19T09:58:07,2026-10-20T23:59:00
S030,quiz_7,64.6,2026-10-27T19:41:36,2026-10-27T23:59:00
S030,quiz_8,66.0,2026-11-03T02:56:31,2026-11-03T23:59:00
S031,final_project,62.8,2026-11-10T19:44:14,2026-11-10T23:59:00
S031,quiz_1,66.7,2026-09-15T22:23:56,2026-09-15T23:59:00
S031,quiz_2,44.4,2026-09-22T22:45:11,2026-09-22T23:59:00
S031,quiz_3,57.2,2026-09-29T20:00:23,2026-09-29T23:59:00
S031,quiz_4,62.4,2026-10-06T13:43:36,2026-10-06T23:59:00
S031,quiz_5,49.1,2026-10-11T19:59:50,2026-10-13T23:59:00
S031,quiz_6,61.7,2026-10-20T20:17:14,2026-10-20T23:59:00
S031,quiz_7,55.5,2026-10-27T20:13:48,2026-10-27T23:59:00
S031,quiz_8,44.9,2026-11-03T16:16:06,2026-11-03T23:59:00
S032,final_project,74.5,2026-11-08T16:14:37,2026-11-10T23:59:00
S032,quiz_1,72.0,2026-09-12T14:50:52,2026-09-15T23:59:00
S032,quiz_2,66.5,2026-09-18T15:19:02,2026-09-22T23:59:00
S032,quiz_3,67.2,2026-09-25T09:01:32,2026-09-29T23:59:00
S032,quiz_4,58.5,2026-10-03T01:20:30,2026-10-06T23:59:00
S032,quiz_5,72.0,2026-10-12T17:42:28,2026-10-13T23:59:00
S032,quiz_6,66.4,2026-10-14T06:00:47,2026-10-20T23:59:00
S032,quiz_7,69.8,2026-10-21T08:46:44,2026-10-27T23:59:00
S032,quiz_8,67.1,2026-10-30T18:38:16,2026-11-03T23:59:00
S033,final_project,90.1,2026-11-10T02:39:58,2026-11-10T23:59:00
S033,quiz_1,89.3,2026-09-13T12:15:21,2026-09-15T23:59:00
S033,quiz_2,76.0,2026-09-20T04:07:38,2026-09-22T23:59:00
S033,quiz_3,95.2,2026-09-28T12:29:06,2026-09-29T23:59:00
S033,quiz_4,94.0,2026-10-04T16:33:34,2026-10-06T23:59:00
S033,quiz_5,89.7,2026-10-12T06:19:14,2026-10-13T23:59:00
S033,quiz_6,80.0,2026-10-20T07:30:05,2026-10-20T23:59:00
S033,quiz_7,87.0,2026-10-24T16:17:03,2026-10-27T23:59:00
S033,quiz_8,92.4,2026-11-02T18:19:18,2026-11-03T23:59:00
S034,final_project,88.5,2026-10-30T07:01:23,2026-11-10T23:59:00
S034,quiz_1,92.8,2026-09-07T03:09:05,2026-09-15T23:59:00
S034,quiz_2,92.3,2026-09-16T16:40:22,2026-09-22T23:59:00
S034,quiz_3,99.5,2026-09-22T08:26:34,2026-09-29T23:59:00
S034,quiz_4,87.8,2026-10-01T17:08:58,2026-10-06T23:59:00
S034,quiz_5,98.1,2026-10-08T00:44:21,2026-10-13T23:59:00
S034,quiz_6,81.3,2026-10-12T03:52:12,2026-10-20T23:59:00
S034,quiz_7,91.5,2026-10-20T22:14:59,2026-10-27T23:59:00
S034,quiz_8,96.4,2026-10-29T02:43:24,2026-11-03T23:59:00
S035,final_project,70.9,2026-11-09T21:30:39,2026-11-10T23:59:00
S035,quiz_1,62.2,2026-09-15T21:47:08,2026-09-15T23:59:00
S035,quiz_2,59.9,2026-09-22T16:04:17,2026-09-22T23:59:00
S035,quiz_3,52.8,2026-09-29T16:54:31,2026-09-29T23:59:00
S035,quiz_4,57.3,2026-10-06T20:29:31,2026-10-06T23:59:00
S035,quiz_5,61.4,2026-10-13T11:11:58,2026-10-13T23:59:00
S035,quiz_6,59.5,2026-10-19T23:25:06,2026-10-20T23:59:00
S035,quiz_7,60.1,2026-10-27T16:32:26,2026-10-27T23:59:00
S035,quiz_8,53.1,2026-11-03T14:34:46,2026-11-03T23:59:00
S036,final_project,81.3,2026-11-09T17:03:47,2026-11-10T23:59:00
S036,quiz_1,91.9,2026-09-13T04:24:52,2026-09-15T23:59:00
S036,quiz_2,83.9,2026-09-20T17:12:46,2026-09-22T23:59:00
S036,quiz_3,89.1,2026-09-27T16:07:05,2026-09-29T23:59:00
S036,quiz_4,78.7,2026-10-05T10:34:21,2026-10-06T23:59:00
S036,quiz_5,90.7,2026-10-13T03:23:08,2026-10-13T23:59:00
S036,quiz_6,78.0,2026-10-20T07:27:06,2026-10-20T23:59:00
S036,quiz_7,78.9,2026-10-24T03:01:52,2026-10-27T23:59:00
S036,quiz_8,84.2,2026-11-02T21:47:43,2026-11-03T23:59:00
S037,final_project,63.7,2026-11-10T20:57:04,2026-11-10T23:59:00
S037,quiz_1,74.1,2026-09-15T21:10:46,2026-09-15T23:59:00
S037,quiz_2,57.6,2026-09-22T22:45:04,2026-09-22T23:59:00
S037,quiz_3,60.6,2026-09-30T07:54:57,2026-09-29T23:59:00
S037,quiz_4,69.9,2026-10-06T22:56:47,2026-10-06T23:59:00
S037,quiz_5,62.9,2026-10-13T23:28:27,2026-10-13T23:59:00
S037,quiz_6,66.1,2026-10-20T21:04:32,2026-10-20T23:59:00
S037,quiz_7,49.4,2026-10-27T22:21:49,2026-10-27T23:59:00
S037,quiz_8,58.7,2026-11-03T23:02:47,2026-11-03T23:59:00
S038,final_project,83.9,2026-11-10T09:43:57,2026-11-10T23:59:00
S038,quiz_1,77.7,2026-09-14T20:21:51,2026-09-15T23:59:00
S038,quiz_2,78.1,2026-09-22T04:30:46,2026-09-22T23:59:00
S038,quiz_3,74.8,2026-09-29T16:00:06,2026-09-29T23:59:00
S038,quiz_4,70.7,2026-10-06T20:30:38,2026-10-06T23:59:00
S038,quiz_5,78.0,2026-10-13T15:05:01,2026-10-13T23:59:00
S038,quiz_6,76.2,2026-10-20T01:45:19,2026-10-20T23:59:00
S038,quiz_7,77.4,2026-10-27T11:48:58,2026-10-27T23:59:00
S038,quiz_8,86.9,2026-11-04T00:27:17,2026-11-03T23:59:00
S039,final_project,97.1,2026-11-08T10:19:38,2026-11-10T23:59:00
S039,quiz_1,100.0,2026-09-12T05:35:53,2026-09-15T23:59:00
S039,quiz_2,97.5,2026-09-20T11:07:00,2026-09-22T23:59:00
S039,quiz_3,100.0,2026-09-27T05:16:59,2026-09-29T23:59:00
S039,quiz_4,100.0,2026-10-03T21:45:39,2026-10-06T23:59:00
S039,quiz_5,100.0,2026-10-11T18:28:09,2026-10-13T23:59:00
S039,quiz_6,98.6,2026-10-18T01:52:10,2026-10-20T23:59:00
S039,quiz_7,100.0,2026-10-25T00:29:53,2026-10-27T23:59:00
S039,quiz_8,100.0,2026-10-30T12:35:45,2026-11-03T23:59:00
S040,final_project,77.3,2026-11-09T08:16:50,2026-11-10T23:59:00
S040,quiz_1,60.9,2026-09-14T21:57:13,2026-09-15T23:59:00
S040,quiz_2,51.7,2026-09-18T14:08:28,2026-09-22T23:59:00
S040,quiz_3,66.5,2026-09-25T08:37:18,2026-09-29T23:59:00
S040,quiz_4,64.0,2026-10-06T15:20:41,2026-10-06T23:59:00
S040,quiz_5,66.9,2026-10-11T01:07:36,2026-10-13T23:59:00
S040,quiz_6,69.1,2026-10-21T01:54:23,2026-10-20T23:59:00
S040,quiz_7,75.1,2026-10-26T13:47:02,2026-10-27T23:59:00
S040,quiz_8,76.8,2026-11-02T13:50:05,2026-11-03T23:59:00
S041,final_project,73.2,2026-11-06T04:20:37,2026-11-10T23:59:00
S041,quiz_1,84.0,2026-09-13T19:50:09,2026-09-15T23:59:00
S041,quiz_2,84.1,2026-09-21T12:26:04,2026-09-22T23:59:00
S041,quiz_3,72.8,2026-09-26T11:21:19,2026-09-29T23:59:00
S041,quiz_4,75.3,2026-09-30T09:39:39,2026-10-06T23:59:00
S041,quiz_5,81.4,2026-10-12T21:09:46,2026-10-13T23:59:00
S041,quiz_6,73.9,2026-10-15T21:14:51,2026-10-20T23:59:00
S041,quiz_7,77.0,2026-10-25T21:11:55,2026-10-27T23:59:00
S041,quiz_8,79.9,2026-11-02T06:22:52,2026-11-03T23:59:00
S042,final_project,84.0,2026-11-10T01:48:37,2026-11-10T23:59:00
S042,quiz_1,77.5,2026-09-12T07:34:36,2026-09-15T23:59:00
S042,quiz_2,86.2,2026-09-21T18:01:14,2026-09-22T23:59:00
S042,quiz_3,74.9,2026-09-29T12:13:51,2026-09-29T23:59:00
S042,quiz_4,67.6,2026-10-03T14:39:46,2026-10-06T23:59:00
S042,quiz_5,91.1,2026-10-12T13:25:48,2026-10-13T23:59:00
S042,quiz_6,85.5,2026-10-19T20:54:47,2026-10-20T23:59:00
S042,quiz_7,91.7,2026-10-24T23:18:34,2026-10-27T23:59:00
S042,quiz_8,65.6,2026-11-03T13:05:27,2026-11-03T23:59:00
S043,final_project,83.2,2026-11-10T15:23:06,2026-11-10T23:59:00
S043,quiz_1,68.6,2026-09-15T05:24:26,2026-09-15T23:59:00
S043,quiz_2,77.1,2026-09-22T18:15:30,2026-09-22T23:59:00
S043,quiz_3,71.4,2026-09-26T09:43:23,2026-09-29T23:59:00
S043,quiz_4,84.2,2026-10-06T16:34:20,2026-10-06T23:59:00
S043,quiz_5,77.3,2026-10-13T11:48:14,2026-10-13T23:59:00
S043,quiz_6,61.4,2026-10-19T22:44:30,2026-10-20T23:59:00
S043,quiz_7,71.9,2026-10-26T22:09:30,2026-10-27T23:59:00
S043,quiz_8,74.2,2026-11-03T18:59:48,2026-11-03T23:59:00
S044,final_project,84.0,2026-11-10T12:24:12,2026-11-10T23:59:00
S044,quiz_1,81.3,2026-09-15T19:20:22,2026-09-15T23:59:00
S044,quiz_2,89.7,2026-09-22T20:36:14,2026-09-22T23:59:00
S044,quiz_3,80.8,2026-09-29T00:46:21,2026-09-29T23:59:00
S044,quiz_4,72.9,2026-10-05T18:57:34,2026-10-06T23:59:00
S044,quiz_5,86.0,2026-10-13T12:39:16,2026-10-13T23:59:00
S044,quiz_6,77.6,2026-10-19T10:11:05,2026-10-20T23:59:00
S044,quiz_7,67.7,2026-10-25T08:39:55,2026-10-27T23:59:00
S044,quiz_8,80.5,2026-11-03T03:32:02,2026-11-03T23:59:00
S045,final_project,81.3,2026-11-10T02:46:37,2026-11-10T23:59:00
S045,quiz_1,70.3,2026-09-15T17:08:59,2026-09-15T23:59:00
S045,quiz_2,71.8,2026-09-22T19:46:48,2026-09-22T23:59:00
S045,quiz_3,66.0,2026-09-29T18:29:44,2026-09-29T23:59:00
S045,quiz_4,71.4,2026-10-06T17:43:28,2026-10-06T23:59:00
S045,quiz_5,86.0,2026-10-13T12:45:13,2026-10-13T23:59:00
S045,quiz_6,76.3,2026-10-19T19:20:44,2026-10-20T23:59:00
S045,quiz_7,76.9,2026-10-27T14:02:14,2026-10-27T23:59:00
S045,quiz_8,66.2,2026-11-03T04:34:55,2026-11-03T23:59:00
S046,final_project,74.9,2026-11-10T02:13:17,2026-11-10T23:59:00
S046,quiz_1,75.9,2026-09-15T14:48:00,2026-09-15T23:59:00
S046,quiz_2,73.6,2026-09-21T00:07:31,2026-09-22T23:59:00
S046,quiz_3,66.1,2026-09-30T07:08:36,2026-09-29T23:59:00
S046,quiz_4,76.2,2026-10-06T03:09:49,2026-10-06T23:59:00
S046,quiz_5,80.1,2026-10-13T10:26:37,2026-10-13T23:59:00
S046,quiz_6,72.6,2026-10-20T03:51:47,2026-10-20T23:59:00
S046,quiz_7,77.6,2026-10-27T16:44:08,2026-10-27T23:59:00
S046,quiz_8,83.5,2026-11-04T08:11:20,2026-11-03T23:59:00
S047,final_project,61.6,2026-11-09T04:58:45,2026-11-10T23:59:00
S047,quiz_1,64.1,2026-09-15T08:13:08,2026-09-15T23:59:00
S047,quiz_2,71.9,2026-09-21T09:03:04,2026-09-22T23:59:00
S047,quiz_3,47.9,2026-09-29T18:08:45,2026-09-29T23:59:00
S047,quiz_4,53.5,2026-10-06T03:33:07,2026-10-06T23:59:00
S047,quiz_5,63.3,2026-10-13T10:46:07,2026-10-13T23:59:00
S047,quiz_6,48.3,2026-10-20T14:06:07,2026-10-20T23:59:00
S047,quiz_7,57.9,2026-10-27T12:16:06,2026-10-27T23:59:00
S047,quiz_8,54.5,2026-11-03T03:14:06,2026-11-03T23:59:00
S048,final_project,89.7,2026-11-07T02:53:03,2026-11-10T23:59:00
S048,quiz_1,100.0,2026-09-07T23:34:31,2026-09-15T23:59:00
S048,quiz_2,94.4,2026-09-21T22:35:13,2026-09-22T23:59:00
S048,quiz_3,98.1,2026-09-26T16:48:04,2026-09-29T23:59:00
S048,quiz_4,95.7,2026-10-03T06:07:53,2026-10-06T23:59:00
S048,quiz_5,100.0,2026-10-12T11:52:36,2026-10-13T23:59:00
S048,quiz_6,96.3,2026-10-18T11:44:06,2026-10-20T23:59:00
S048,quiz_7,100.0,2026-10-25T13:19:39,2026-10-27T23:59:00
S048,quiz_8,100.0,2026-11-01T19:02:54,2026-11-03T23:59:00
S049,final_project,78.2,2026-11-10T00:42:16,2026-11-10T23:59:00
S049,quiz_1,74.7,2026-09-14T23:22:13,2026-09-15T23:59:00
S049,quiz_2,74.9,2026-09-18T20:08:27,2026-09-22T23:59:00
S049,quiz_3,71.5,2026-09-28T14:57:49,2026-09-29T23:59:00
S049,quiz_4,73.3,2026-10-02T17:47:58,2026-10-06T23:59:00
S049,quiz_5,80.8,2026-10-09T19:55:23,2026-10-13T23:59:00
S049,quiz_6,74.4,2026-10-17T17:16:05,2026-10-20T23:59:00
S049,quiz_7,55.6,2026-10-23T18:08:37,2026-10-27T23:59:00
S049,quiz_8,84.1,2026-11-01T04:17:01,2026-11-03T23:59:00
S050,final_project,89.5,2026-11-10T16:40:34,2026-11-10T23:59:00
S050,quiz_1,84.2,2026-09-15T17:34:28,2026-09-15T23:59:00
S050,quiz_2,77.4,2026-09-22T19:11:09,2026-09-22T23:59:00
S050,quiz_3,71.3,2026-09-29T15:07:55,2026-09-29T23:59:00
S050,quiz_4,79.3,2026-10-07T03:36:44,2026-10-06T23:59:00
S050,quiz_5,72.1,2026-10-13T21:53:13,2026-10-13T23:59:00
S050,quiz_6,78.8,2026-10-20T14:41:22,2026-10-20T23:59:00
S050,quiz_7,89.6,2026-10-27T19:53:06,2026-10-27T23:59:00
S050,quiz_8,75.7,2026-11-03T11:09:13,2026-11-03T23:59:00
S051,final_project,73.1,2026-11-10T11:10:02,2026-11-10T23:59:00
S051,quiz_1,84.2,2026-09-13T19:17:41,2026-09-15T23:59:00
S051,quiz_2,78.3,2026-09-20T00:22:21,2026-09-22T23:59:00
S051,quiz_3,73.7,2026-09-27T07:42:31,2026-09-29T23:59:00
S051,quiz_4,80.5,2026-10-03T16:58:13,2026-10-06T23:59:00
S051,quiz_5,82.3,2026-10-12T02:42:01,2026-10-13T23:59:00
S051,quiz_6,91.0,2026-10-19T23:41:47,2026-10-20T23:59:00
S051,quiz_7,84.3,2026-10-26T08:03:56,2026-10-27T23:59:00
S051,quiz_8,81.7,2026-10-30T20:16:23,2026-11-03T23:59:00
S052,final_project,61.5,2026-11-10T10:54:17,2026-11-10T23:59:00
S052,quiz_1,61.0,2026-09-13T18:41:34,2026-09-15T23:59:00
S052,quiz_2,48.5,2026-09-22T19:30:04,2026-09-22T23:59:00
S052,quiz_3,49.7,2026-09-29T09:35:07,2026-09-29T23:59:00
S052,quiz_4,59.8,2026-10-06T10:03:36,2026-10-06T23:59:00
S052,quiz_5,62.3,2026-10-14T04:30:01,2026-10-13T23:59:00
S052,quiz_6,52.3,2026-10-20T16:37:31,2026-10-20T23:59:00
S052,quiz_7,56.7,2026-10-26T21:35:37,2026-10-27T23:59:00
S052,quiz_8,55.3,2026-11-03T14:59:19,2026-11-03T23:59:00
S053,final_project,80.6,2026-11-08T05:13:28,2026-11-10T23:59:00
S053,quiz_1,74.8,2026-09-10T14:17:03,2026-09-15T23:59:00
S053,quiz_2,78.9,2026-09-22T14:53:51,2026-09-22T23:59:00
S053,quiz_3,78.6,2026-09-28T12:06:21,2026-09-29T23:59:00
S053,quiz_4,88.1,2026-10-06T15:19:17,2026-10-06T23:59:00
S053,quiz_5,76.2,2026-10-13T00:18:55,2026-10-13T23:59:00
S053,quiz_6,79.8,2026-10-18T20:28:11,2026-10-20T23:59:00
S053,quiz_7,86.2,2026-10-26T12:35:18,2026-10-27T23:59:00
S053,quiz_8,86.6,2026-11-02T04:48:58,2026-11-03T23:59:00
S054,final_project,61.3,2026-11-06T10:51:31,2026-11-10T23:59:00
S054,quiz_1,43.1,2026-09-14T00:13:57,2026-09-15T23:59:00
S054,quiz_2,60.6,2026-09-17T23:16:07,2026-09-22T23:59:00
S054,quiz_3,60.8,2026-09-26T12:23:59,2026-09-29T23:59:00
S054,quiz_4,56.1,2026-10-05T02:16:48,2026-10-06T23:59:00
S054,quiz_5,66.6,2026-10-10T09:11:57,2026-10-13T23:59:00
S054,quiz_6,55.5,2026-10-17T12:21:58,2026-10-20T23:59:00
S054,quiz_7,60.8,2026-10-23T15:45:08,2026-10-27T23:59:00
S054,quiz_8,65.5,2026-11-01T15:40:43,2026-11-03T23:59:00
S055,final_project,78.5,2026-11-10T20:34:13,2026-11-10T23:59:00
S055,quiz_1,68.7,2026-09-15T23:25:39,2026-09-15T23:59:00
S055,quiz_2,79.0,2026-09-22T22:14:06,2026-09-22T23:59:00
S055,quiz_3,68.1,2026-09-29T23:14:35,2026-09-29T23:59:00
S055,quiz_4,72.4,2026-10-06T22:16:19,2026-10-06T23:59:00
S055,quiz_5,75.3,2026-10-13T22:32:53,2026-10-13T23:59:00
S055,quiz_6,72.2,2026-10-21T03:36:06,2026-10-20T23:59:00
S055,quiz_7,88.1,2026-10-27T21:07:08,2026-10-27T23:59:00
S055,quiz_8,83.0,2026-11-03T17:32:37,2026-11-03T23:59:00
S056,final_project,73.9,2026-11-10T19:16:39,2026-11-10T23:59:00
S056,quiz_1,71.6,2026-09-15T17:17:10,2026-09-15T23:59:00
S056,quiz_2,70.2,2026-09-22T12:19:59,2026-09-22T23:59:00
S056,quiz_3,55.6,2026-09-29T22:06:35,2026-09-29T23:59:00
S056,quiz_4,64.0,2026-10-06T16:34:08,2026-10-06T23:59:00
S056,quiz_5,63.1,2026-10-12T15:58:35,2026-10-13T23:59:00
S056,quiz_6,47.6,2026-10-20T16:08:12,2026-10-20T23:59:00
S056,quiz_7,61.7,2026-10-26T13:20:10,2026-10-27T23:59:00
S056,quiz_8,66.3,2026-11-03T19:18:42,2026-11-03T23:59:00
S057,final_project,74.6,2026-11-09T20:19:10,2026-11-10T23:59:00
S057,quiz_1,90.9,2026-09-15T05:40:38,2026-09-15T23:59:00
S057,quiz_2,80.7,2026-09-21T00:45:22,2026-09-22T23:59:00
S057,quiz_3,73.2,2026-09-28T13:59:53,2026-09-29T23:59:00
S057,quiz_4,82.1,2026-10-04T11:12:44,2026-10-06T23:59:00
S057,quiz_5,76.8,2026-10-11T09:08:25,2026-10-13T23:59:00
S057,quiz_6,82.1,2026-10-20T19:20:48,2026-10-20T23:59:00
S057,quiz_7,68.6,2026-10-26T02:53:01,2026-10-27T23:59:00
S057,quiz_8,84.0,2026-10-31T17:57:37,2026-11-03T23:59:00
S058,final_project,77.5,2026-11-10T16:37:00,2026-11-10T23:59:00
S058,quiz_1,77.3,2026-09-15T14:33:08,2026-09-15T23:59:00
S058,quiz_2,89.7,2026-09-22T02:44:05,2026-09-22T23:59:00
S058,quiz_3,71.5,2026-09-27T17:34:05,2026-09-29T23:59:00
S058,quiz_4,84.1,2026-10-05T17:39:09,2026-10-06T23:59:00
S058,quiz_5,83.6,2026-10-13T11:24:15,2026-10-13T23:59:00
S058,quiz_6,76.1,2026-10-20T18:22:30,2026-10-20T23:59:00
S058,quiz_7,79.1,2026-10-27T16:42:05,2026-10-27T23:59:00
S058,quiz_8,81.2,2026-11-03T19:25:58,2026-11-03T23:59:00
S059,final_project,78.1,2026-11-10T15:26:47,2026-11-10T23:59:00
S059,quiz_1,79.7,2026-09-15T21:54:58,2026-09-15T23:59:00
S059,quiz_2,72.2,2026-09-23T04:13:21,2026-09-22T23:59:00
S059,quiz_3,75.4,2026-09-29T21:20:27,2026-09-29T23:59:00
S059,quiz_4,73.7,2026-10-06T20:54:22,2026-10-06T23:59:00
S059,quiz_5,70.0,2026-10-13T18:43:07,2026-10-13T23:59:00
S059,quiz_6,68.6,2026-10-20T21:09:18,2026-10-20T23:59:00
S059,quiz_7,68.7,2026-10-27T18:47:48,2026-10-27T23:59:00
S059,quiz_8,75.2,2026-11-03T19:26:39,2026-11-03T23:59:00
S060,final_project,69.8,2026-11-10T17:21:03,2026-11-10T23:59:00
S060,quiz_1,72.8,2026-09-15T17:49:10,2026-09-15T23:59:00
S060,quiz_2,56.2,2026-09-22T21:59:08,2026-09-22T23:59:00
S060,quiz_3,61.2,2026-09-29T21:01:08,2026-09-29T23:59:00
S060,quiz_4,68.4,2026-10-06T20:23:23,2026-10-06T23:59:00
S060,quiz_5,68.4,2026-10-13T22:02:05,2026-10-13T23:59:00
S060,quiz_6,60.1,2026-10-20T20:50:37,2026-10-20T23:59:00
S060,quiz_7,62.1,2026-10-27T18:47:12,2026-10-27T23:59:00
S060,quiz_8,66.3,2026-11-03T21:19:53,2026-11-03T23:59:00
S061,final_project,61.3,2026-11-10T03:28:30,2026-11-10T23:59:00
S061,quiz_1,64.3,2026-09-14T18:40:46,2026-09-15T23:59:00
S061,quiz_2,51.9,2026-09-22T08:27:50,2026-09-22T23:59:00
S061,quiz_3,60.5,2026-09-27T21:59:00,2026-09-29T23:59:00
S061,quiz_4,68.6,2026-10-05T10:35:45,2026-10-06T23:59:00
S061,quiz_5,60.3,2026-10-12T04:59:45,2026-10-13T23:59:00
S061,quiz_6,53.4,2026-10-20T15:51:31,2026-10-20T23:59:00
S061,quiz_7,62.9,2026-10-27T08:23:47,2026-10-27T23:59:00
S061,quiz_8,61.7,2026-11-03T08:08:07,2026-11-03T23:59:00
S062,final_project,84.5,2026-11-10T20:53:07,2026-11-10T23:59:00
S062,quiz_1,88.8,2026-09-15T20:55:24,2026-09-15T23:59:00
S062,quiz_2,85.9,2026-09-22T18:39:32,2026-09-22T23:59:00
S062,quiz_3,77.2,2026-09-29T21:06:47,2026-09-29T23:59:00
S062,quiz_4,92.0,2026-10-06T20:41:41,2026-10-06T23:59:00
S062,quiz_5,82.3,2026-10-13T20:23:42,2026-10-13T23:59:00
S062,quiz_6,76.9,2026-10-20T20:35:32,2026-10-20T23:59:00
S062,quiz_7,88.0,2026-10-27T17:45:30,2026-10-27T23:59:00
S062,quiz_8,82.5,2026-11-03T21:02:20,2026-11-03T23:59:00
S063,final_project,71.2,2026-11-08T04:36:10,2026-11-10T23:59:00
S063,quiz_1,81.8,2026-09-14T05:08:26,2026-09-15T23:59:00
S063,quiz_2,71.9,2026-09-22T18:28:18,2026-09-22T23:59:00
S063,quiz_3,68.8,2026-09-28T08:08:45,2026-09-29T23:59:00
S063,quiz_4,71.0,2026-10-05T11:52:08,2026-10-06T23:59:00
S063,quiz_5,75.9,2026-10-11T00:45:36,2026-10-13T23:59:00
S063,quiz_6,62.0,2026-10-20T09:28:15,2026-10-20T23:59:00
S063,quiz_7,82.1,2026-10-28T08:06:47,2026-10-27T23:59:00
S063,quiz_8,81.5,2026-11-03T03:24:07,2026-11-03T23:59:00
S064,final_project,89.6,2026-11-09T09:25:37,2026-11-10T23:59:00
S064,quiz_1,92.5,2026-09-08T06:46:11,2026-09-15T23:59:00
S064,quiz_2,100.0,2026-09-18T04:15:51,2026-09-22T23:59:00
S064,quiz_3,95.4,2026-09-21T05:33:17,2026-09-29T23:59:00
S064,quiz_4,100.0,2026-10-03T05:11:44,2026-10-06T23:59:00
S064,quiz_5,100.0,2026-10-05T19:18:26,2026-10-13T23:59:00
S064,quiz_6,100.0,2026-10-18T14:10:37,2026-10-20T23:59:00
S064,quiz_7,100.0,2026-10-22T17:34:37,2026-10-27T23:59:00
S064,quiz_8,100.0,2026-10-28T21:48:57,2026-11-03T23:59:00
S065,final_project,79.7,2026-11-10T05:47:15,2026-11-10T23:59:00
S065,quiz_1,68.1,2026-09-13T07:57:04,2026-09-15T23:59:00
S065,quiz_2,88.6,2026-09-19T09:16:25,2026-09-22T23:59:00
S065,quiz_3,73.5,2026-09-28T14:08:31,2026-09-29T23:59:00
S065,quiz_4,79.3,2026-10-06T04:32:52,2026-10-06T23:59:00
S065,quiz_5,87.2,2026-10-08T01:07:41,2026-10-13T23:59:00
S065,quiz_6,89.1,2026-10-18T05:20:41,2026-10-20T23:59:00
S065,quiz_7,89.1,2026-10-26T19:11:59,2026-10-27T23:59:00
S065,quiz_8,81.7,2026-10-30T01:17:46,2026-11-03T23:59:00
S066,final_project,41.7,2026-11-10T19:12:42,2026-11-10T23:59:00
S066,quiz_1,58.0,2026-09-15T23:20:34,2026-09-15T23:59:00
S066,quiz_2,54.0,2026-09-22T22:27:16,2026-09-22T23:59:00
S066,quiz_3,48.0,2026-09-29T10:15:19,2026-09-29T23:59:00
S066,quiz_4,35.2,2026-10-06T20:34:02,2026-10-06T23:59:00
S066,quiz_5,50.8,2026-10-13T22:00:09,2026-10-13T23:59:00
S066,quiz_6,36.4,2026-10-20T23:33:57,2026-10-20T23:59:00
S066,quiz_7,33.8,2026-10-27T20:58:49,2026-10-27T23:59:00
S066,quiz_8,34.6,2026-11-03T19:21:54,2026-11-03T23:59:00
S067,final_project,65.2,2026-11-09T15:10:35,2026-11-10T23:59:00
S067,quiz_1,71.2,2026-09-14T14:57:28,2026-09-15T23:59:00
S067,quiz_2,63.7,2026-09-22T07:07:27,2026-09-22T23:59:00
S067,quiz_3,59.9,2026-09-29T00:39:51,2026-09-29T23:59:00
S067,quiz_4,61.7,2026-10-06T05:39:01,2026-10-06T23:59:00
S067,quiz_5,75.9,2026-10-13T07:03:17,2026-10-13T23:59:00
S067,quiz_6,66.3,2026-10-19T14:15:25,2026-10-20T23:59:00
S067,quiz_7,74.2,2026-10-24T19:00:41,2026-10-27T23:59:00
S067,quiz_8,74.5,2026-10-31T03:08:17,2026-11-03T23:59:00
S068,final_project,64.5,2026-11-10T10:51:26,2026-11-10T23:59:00
S068,quiz_1,66.2,2026-09-14T23:08:45,2026-09-15T23:59:00
S068,quiz_2,71.3,2026-09-21T21:15:24,2026-09-22T23:59:00
S068,quiz_3,71.1,2026-09-29T06:49:57,2026-09-29T23:59:00
S068,quiz_4,66.6,2026-10-01T00:52:53,2026-10-06T23:59:00
S068,quiz_5,80.4,2026-10-12T14:17:19,2026-10-13T23:59:00
S068,quiz_6,62.9,2026-10-21T03:11:37,2026-10-20T23:59:00
S068,quiz_7,78.6,2026-10-25T04:50:54,2026-10-27T23:59:00
S068,quiz_8,75.5,2026-11-03T04:06:00,2026-11-03T23:59:00
S069,final_project,77.9,2026-11-10T22:02:01,2026-11-10T23:59:00
S069,quiz_1,76.0,2026-09-15T20:57:29,2026-09-15T23:59:00
S069,quiz_2,77.3,2026-09-20T13:59:48,2026-09-22T23:59:00
S069,quiz_3,68.1,2026-09-28T20:17:29,2026-09-29T23:59:00
S069,quiz_4,81.5,2026-10-06T15:45:58,2026-10-06T23:59:00
S069,quiz_5,71.9,2026-10-12T15:47:16,2026-10-13T23:59:00
S069,quiz_6,79.5,2026-10-20T04:21:33,2026-10-20T23:59:00
S069,quiz_7,78.8,2026-10-25T02:03:06,2026-10-27T23:59:00
S069,quiz_8,92.7,2026-11-03T16:07:17,2026-11-03T23:59:00
S070,final_project,76.0,2026-11-09T22:09:39,2026-11-10T23:59:00
S070,quiz_1,84.4,2026-09-15T19:19:53,2026-09-15T23:59:00
S070,quiz_2,78.7,2026-09-22T17:19:52,2026-09-22T23:59:00
S070,quiz_3,81.8,2026-09-29T18:28:37,2026-09-29T23:59:00
S070,quiz_4,79.8,2026-10-05T17:31:51,2026-10-06T23:59:00
S070,quiz_5,80.2,2026-10-13T18:50:15,2026-10-13T23:59:00
S070,quiz_6,75.4,2026-10-20T16:05:59,2026-10-20T23:59:00
S070,quiz_7,77.4,2026-10-27T20:12:23,2026-10-27T23:59:00
S070,quiz_8,90.3,2026-11-03T14:15:22,2026-11-03T23:59:00
S071,final_project,73.7,2026-11-08T07:44:22,2026-11-10T23:59:00
S071,quiz_1,77.1,2026-09-13T00:32:57,2026-09-15T23:59:00
S071,quiz_2,70.6,2026-09-18T05:29:22,2026-09-22T23:59:00
S071,quiz_3,68.1,2026-09-24T19:50:30,2026-09-29T23:59:00
S071,quiz_4,68.8,2026-10-04T05:56:01,2026-10-06T23:59:00
S071,quiz_5,74.2,2026-10-12T17:33:42,2026-10-13T23:59:00
S071,quiz_6,61.2,2026-10-16T01:25:22,2026-10-20T23:59:00
S071,quiz_7,73.4,2026-10-26T06:25:08,2026-10-27T23:59:00
S071,quiz_8,73.2,2026-11-02T00:54:42,2026-11-03T23:59:00
S072,final_project,90.6,2026-11-10T21:11:31,2026-11-10T23:59:00
S072,quiz_1,100.0,2026-09-15T21:55:09,2026-09-15T23:59:00
S072,quiz_2,92.0,2026-09-22T13:05:52,2026-09-22T23:59:00
S072,quiz_3,85.3,2026-09-29T04:11:49,2026-09-29T23:59:00
S072,quiz_4,92.6,2026-10-06T00:44:00,2026-10-06T23:59:00
S072,quiz_5,100.0,2026-10-13T17:04:59,2026-10-13T23:59:00
S072,quiz_6,88.6,2026-10-20T11:32:35,2026-10-20T23:59:00
S072,quiz_7,92.4,2026-10-27T10:31:17,2026-10-27T23:59:00
S072,quiz_8,98.4,2026-11-03T08:43:08,2026-11-03T23:59:00
S073,final_project,85.3,2026-11-08T17:18:45,2026-11-10T23:59:00
S073,quiz_1,71.8,2026-09-15T05:37:16,2026-09-15T23:59:00
S073,quiz_2,79.1,2026-09-19T22:29:05,2026-09-22T23:59:00
S073,quiz_3,73.9,2026-09-29T02:49:54,2026-09-29T23:59:00
S073,quiz_4,72.4,2026-10-06T12:24:27,2026-10-06T23:59:00
S073,quiz_5,86.5,2026-10-11T06:14:29,2026-10-13T23:59:00
S073,quiz_6,69.8,2026-10-19T13:45:08,2026-10-20T23:59:00
S073,quiz_7,75.0,2026-10-24T20:10:46,2026-10-27T23:59:00
S073,quiz_8,84.2,2026-10-30T17:07:02,2026-11-03T23:59:00
S074,final_project,76.1,2026-11-10T15:49:27,2026-11-10T23:59:00
S074,quiz_1,82.6,2026-09-15T13:39:38,2026-09-15T23:59:00
S074,quiz_2,80.0,2026-09-22T02:58:02,2026-09-22T23:59:00
S074,quiz_3,66.9,2026-09-29T18:49:24,2026-09-29T23:59:00
S074,quiz_4,80.0,2026-10-06T16:26:32,2026-10-06T23:59:00
S074,quiz_5,75.4,2026-10-13T20:39:29,2026-10-13T23:59:00
S074,quiz_6,72.2,2026-10-20T14:26:35,2026-10-20T23:59:00
S074,quiz_7,77.3,2026-10-27T13:18:23,2026-10-27T23:59:00
S074,quiz_8,81.8,2026-11-03T19:11:18,2026-11-03T23:59:00
S075,final_project,70.4,2026-11-10T23:21:19,2026-11-10T23:59:00
S075,quiz_1,74.5,2026-09-15T22:26:23,2026-09-15T23:59:00
S075,quiz_2,69.3,2026-09-22T22:22:36,2026-09-22T23:59:00
S075,quiz_3,64.0,2026-09-29T22:26:34,2026-09-29T23:59:00
S075,quiz_4,61.5,2026-10-06T20:20:47,2026-10-06T23:59:00
S075,quiz_5,69.5,2026-10-13T22:30:23,2026-10-13T23:59:00
S075,quiz_6,72.5,2026-10-20T21:03:38,2026-10-20T23:59:00
S075,quiz_7,67.0,2026-10-27T21:01:36,2026-10-27T23:59:00
S075,quiz_8,72.7,2026-11-03T19:54:38,2026-11-03T23:59:00
S076,final_project,90.7,2026-11-08T07:52:08,2026-11-10T23:59:00
S076,quiz_1,99.6,2026-09-10T16:19:11,2026-09-15T23:59:00
S076,quiz_2,90.1,2026-09-19T01:05:36,2026-09-22T23:59:00
S076,quiz_3,98.8,2026-09-22T18:20:30,2026-09-29T23:59:00
S076,quiz_4,100.0,2026-09-30T05:14:30,2026-10-06T23:59:00
S076,quiz_5,100.0,2026-10-06T09:53:47,2026-10-13T23:59:00
S076,quiz_6,92.6,2026-10-12T02:26:28,2026-10-20T23:59:00
S076,quiz_7,100.0,2026-10-19T23:29:29,2026-10-27T23:59:00
S076,quiz_8,100.0,2026-10-31T03:32:06,2026-11-03T23:59:00
S077,final_project,71.1,2026-11-09T07:36:49,2026-11-10T23:59:00
S077,quiz_1,79.0,2026-09-15T09:29:07,2026-09-15T23:59:00
S077,quiz_2,75.4,2026-09-21T10:53:49,2026-09-22T23:59:00
S077,quiz_3,58.6,2026-09-29T17:16:05,2026-09-29T23:59:00
S077,quiz_4,82.4,2026-10-05T23:40:26,2026-10-06T23:59:00
S077,quiz_5,75.5,2026-10-12T13:09:00,2026-10-13T23:59:00
S077,quiz_6,74.0,2026-10-20T01:48:07,2026-10-20T23:59:00
S077,quiz_7,77.4,2026-10-27T12:29:26,2026-10-27T23:59:00
S077,quiz_8,77.2,2026-11-03T19:42:57,2026-11-03T23:59:00
S078,final_project,76.6,2026-11-10T20:05:35,2026-11-10T23:59:00
S078,quiz_1,80.7,2026-09-15T14:08:51,2026-09-15T23:59:00
S078,quiz_2,77.5,2026-09-22T23:35:01,2026-09-22T23:59:00
S078,quiz_3,67.6,2026-09-30T09:20:27,2026-09-29T23:59:00
S078,quiz_4,70.8,2026-10-06T18:43:13,2026-10-06T23:59:00
S078,quiz_5,76.2,2026-10-13T22:34:24,2026-10-13T23:59:00
S078,quiz_6,68.5,2026-10-20T23:08:14,2026-10-20T23:59:00
S078,quiz_7,81.2,2026-10-27T20:02:39,2026-10-27T23:59:00
S078,quiz_8,67.1,2026-11-03T13:57:36,2026-11-03T23:59:00
S079,final_project,71.9,2026-11-04T12:48:39,2026-11-10T23:59:00
S079,quiz_1,86.4,2026-09-15T11:20:53,2026-09-15T23:59:00
S079,quiz_2,77.7,2026-09-21T12:25:50,2026-09-22T23:59:00
S079,quiz_3,78.1,2026-09-29T11:49:36,2026-09-29T23:59:00
S079,quiz_4,69.0,2026-10-02T00:59:23,2026-10-06T23:59:00
S079,quiz_5,76.4,2026-10-12T13:02:20,2026-10-13T23:59:00
S079,quiz_6,65.7,2026-10-17T14:07:15,2026-10-20T23:59:00
S079,quiz_7,67.8,2026-10-25T13:30:10,2026-10-27T23:59:00
S079,quiz_8,66.0,2026-11-01T18:17:37,2026-11-03T23:59:00
S080,final_project,55.3,2026-11-10T22:28:49,2026-11-10T23:59:00
S080,quiz_1,53.8,2026-09-15T21:57:51,2026-09-15T23:59:00
S080,quiz_2,54.4,2026-09-22T21:52:51,2026-09-22T23:59:00
S080,quiz_3,47.3,2026-09-29T22:25:30,2026-09-29T23:59:00
S080,quiz_4,44.3,2026-10-06T22:01:22,2026-10-06T23:59:00
S080,quiz_5,60.2,2026-10-13T22:08:22,2026-10-13T23:59:00
S080,quiz_6,51.4,2026-10-20T23:26:28,2026-10-20T23:59:00
S080,quiz_7,38.2,2026-10-27T21:09:05,2026-10-27T23:59:00
S080,quiz_8,46.6,2026-11-03T23:01:54,2026-11-03T23:59:00
S081,final_project,71.6,2026-11-10T11:07:12,2026-11-10T23:59:00
S081,quiz_1,88.0,2026-09-15T18:33:22,2026-09-15T23:59:00
S081,quiz_2,73.9,2026-09-21T17:22:22,2026-09-22T23:59:00
S081,quiz_3,67.1,2026-09-29T19:54:56,2026-09-29T23:59:00
S081,quiz_4,71.3,2026-10-06T06:22:39,2026-10-06T23:59:00
S081,quiz_5,78.4,2026-10-13T07:05:28,2026-10-13T23:59:00
S081,quiz_6,56.2,2026-10-20T18:15:49,2026-10-20T23:59:00
S081,quiz_7,77.5,2026-10-27T22:03:54,2026-10-27T23:59:00
S081,quiz_8,59.8,2026-11-03T11:35:41,2026-11-03T23:59:00
S082,final_project,74.9,2026-11-09T07:05:17,2026-11-10T23:59:00
S082,quiz_1,74.3,2026-09-14T14:03:45,2026-09-15T23:59:00
S082,quiz_2,78.8,2026-09-23T01:35:51,2026-09-22T23:59:00
S082,quiz_3,66.7,2026-09-23T08:08:20,2026-09-29T23:59:00
S082,quiz_4,81.2,2026-10-04T01:11:07,2026-10-06T23:59:00
S082,quiz_5,80.7,2026-10-09T17:25:31,2026-10-13T23:59:00
S082,quiz_6,80.0,2026-10-14T06:52:08,2026-10-20T23:59:00
S082,quiz_7,81.9,2026-10-24T06:00:49,2026-10-27T23:59:00
S082,quiz_8,79.8,2026-11-01T23:47:05,2026-11-03T23:59:00
S083,final_project,80.1,2026-11-10T16:48:12,2026-11-10T23:59:00
S083,quiz_1,87.4,2026-09-09T23:15:51,2026-09-15T23:59:00
S083,quiz_2,86.0,2026-09-17T20:23:03,2026-09-22T23:59:00
S083,quiz_3,82.1,2026-09-27T21:00:00,2026-09-29T23:59:00
S083,quiz_4,88.8,2026-10-06T00:23:07,2026-10-06T23:59:00
S083,quiz_5,100.0,2026-10-11T21:41:07,2026-10-13T23:59:00
S083,quiz_6,100.0,2026-10-20T03:33:21,2026-10-20T23:59:00
S083,quiz_7,97.7,2026-10-25T11:30:37,2026-10-27T23:59:00
S083,quiz_8,97.9,2026-11-02T13:23:32,2026-11-03T23:59:00
S084,final_project,74.8,2026-11-10T06:23:33,2026-11-10T23:59:00
S084,quiz_1,69.4,2026-09-15T18:52:30,2026-09-15T23:59:00
S084,quiz_2,66.4,2026-09-22T22:47:08,2026-09-22T23:59:00
S084,quiz_3,73.2,2026-09-28T15:47:28,2026-09-29T23:59:00
S084,quiz_4,60.9,2026-10-03T08:48:23,2026-10-06T23:59:00
S084,quiz_5,80.6,2026-10-13T18:35:17,2026-10-13T23:59:00
S084,quiz_6,68.2,2026-10-19T15:33:57,2026-10-20T23:59:00
S084,quiz_7,56.8,2026-10-27T03:24:14,2026-10-27T23:59:00
S084,quiz_8,69.2,2026-11-03T01:49:34,2026-11-03T23:59:00
S085,final_project,84.5,2026-11-10T22:04:55,2026-11-10T23:59:00
S085,quiz_1,78.6,2026-09-15T17:01:07,2026-09-15T23:59:00
S085,quiz_2,83.9,2026-09-21T08:47:25,2026-09-22T23:59:00
S085,quiz_3,81.2,2026-09-29T23:38:41,2026-09-29T23:59:00
S085,quiz_4,76.3,2026-10-06T14:29:04,2026-10-06T23:59:00
S085,quiz_5,94.0,2026-10-13T16:46:44,2026-10-13T23:59:00
S085,quiz_6,81.3,2026-10-20T21:19:23,2026-10-20T23:59:00
S085,quiz_7,77.2,2026-10-27T20:19:35,2026-10-27T23:59:00
S085,quiz_8,86.8,2026-11-03T16:18:42,2026-11-03T23:59:00
S086,final_project,77.1,2026-11-10T22:04:23,2026-11-10T23:59:00
S086,quiz_1,83.0,2026-09-15T23:21:14,2026-09-15T23:59:00
S086,quiz_2,68.3,2026-09-22T22:37:21,2026-09-22T23:59:00
S086,quiz_3,87.1,2026-09-29T20:04:21,2026-09-29T23:59:00
S086,quiz_4,69.0,2026-10-06T21:56:27,2026-10-06T23:59:00
S086,quiz_5,74.4,2026-10-13T21:34:13,2026-10-13T23:59:00
S086,quiz_6,57.3,2026-10-21T10:06:48,2026-10-20T23:59:00
S086,quiz_7,68.7,2026-10-27T21:50:53,2026-10-27T23:59:00
S086,quiz_8,72.3,2026-11-03T21:59:37,2026-11-03T23:59:00
S087,final_project,90.2,2026-10-31T05:07:01,2026-11-10T23:59:00
S087,quiz_1,79.8,2026-09-07T23:17:40,2026-09-15T23:59:00
S087,quiz_2,84.3,2026-09-15T04:05:59,2026-09-22T23:59:00
S087,quiz_3,78.7,2026-09-21T01:10:36,2026-09-29T23:59:00
S087,quiz_4,84.4,2026-09-30T20:49:23,2026-10-06T23:59:00
S087,quiz_5,88.3,2026-10-05T23:15:23,2026-10-13T23:59:00
S087,quiz_6,86.3,2026-10-15T08:38:27,2026-10-20T23:59:00
S087,quiz_7,95.9,2026-10-23T14:52:28,2026-10-27T23:59:00
S087,quiz_8,89.6,2026-10-30T09:26:07,2026-11-03T23:59:00
S088,final_project,51.9,2026-11-10T20:05:21,2026-11-10T23:59:00
S088,quiz_1,66.0,2026-09-15T22:09:32,2026-09-15T23:59:00
S088,quiz_2,70.8,2026-09-22T19:23:11,2026-09-22T23:59:00
S088,quiz_3,63.5,2026-09-29T21:30:12,2026-09-29T23:59:00
S088,quiz_4,66.1,2026-10-06T18:59:55,2026-10-06T23:59:00
S088,quiz_5,63.1,2026-10-14T02:46:02,2026-10-13T23:59:00
S088,quiz_6,38.6,2026-10-20T21:35:35,2026-10-20T23:59:00
S088,quiz_7,55.1,2026-10-27T22:33:18,2026-10-27T23:59:00
S088,quiz_8,52.7,2026-11-03T21:24:45,2026-11-03T23:59:00
S089,final_project,64.5,2026-11-10T18:07:43,2026-11-10T23:59:00
S089,quiz_1,64.1,2026-09-15T14:50:42,2026-09-15T23:59:00
S089,quiz_2,65.7,2026-09-22T17:35:41,2026-09-22T23:59:00
S089,quiz_3,63.1,2026-09-28T05:59:25,2026-09-29T23:59:00
S089,quiz_4,72.4,2026-10-06T01:46:57,2026-10-06T23:59:00
S089,quiz_5,71.1,2026-10-13T15:16:27,2026-10-13T23:59:00
S089,quiz_6,66.5,2026-10-20T13:56:26,2026-10-20T23:59:00
S089,quiz_7,71.6,2026-10-27T16:56:46,2026-10-27T23:59:00
S089,quiz_8,95.6,2026-11-03T10:07:37,2026-11-03T23:59:00
S090,final_project,93.8,2026-10-27T23:59:00,2026-11-10T23:59:00
S090,quiz_1,92.0,2026-09-09T07:34:08,2026-09-15T23:59:00
S090,quiz_2,91.0,2026-09-14T19:34:03,2026-09-22T23:59:00
S090,quiz_3,100.0,2026-09-21T00:00:45,2026-09-29T23:59:00
S090,quiz_4,97.9,2026-09-29T07:29:08,2026-10-06T23:59:00
S090,quiz_5,98.8,2026-10-05T19:44:13,2026-10-13T23:59:00
S090,quiz_6,91.6,2026-10-14T06:18:20,2026-10-20T23:59:00
S090,quiz_7,100.0,2026-10-21T23:56:51,2026-10-27T23:59:00
S090,quiz_8,100.0,2026-10-27T19:31:10,2026-11-03T23:59:00
S091,final_project,70.5,2026-10-27T23:59:00,2026-11-10T23:59:00
S091,quiz_1,66.1,2026-09-11T03:05:52,2026-09-15T23:59:00
S091,quiz_2,84.5,2026-09-16T09:38:44,2026-09-22T23:59:00
S091,quiz_3,83.7,2026-09-24T15:19:30,2026-09-29T23:59:00
S091,quiz_4,79.6,2026-10-01T16:04:27,2026-10-06T23:59:00
S091,quiz_5,79.4,2026-10-11T18:25:21,2026-10-13T23:59:00
S091,quiz_6,77.4,2026-10-14T00:18:57,2026-10-20T23:59:00
S091,quiz_7,64.9,2026-10-26T08:29:47,2026-10-27T23:59:00
S091,quiz_8,74.0,2026-10-31T21:10:37,2026-11-03T23:59:00
S092,final_project,86.0,2026-10-27T23:59:00,2026-11-10T23:59:00
S092,quiz_1,94.7,2026-09-07T19:37:14,2026-09-15T23:59:00
S092,quiz_2,86.5,2026-09-14T00:00:02,2026-09-22T23:59:00
S092,quiz_3,84.4,2026-09-21T00:01:03,2026-09-29T23:59:00
S092,quiz_4,88.7,2026-09-29T14:25:51,2026-10-06T23:59:00
S092,quiz_5,90.3,2026-10-07T23:24:30,2026-10-13T23:59:00
S092,quiz_6,86.7,2026-10-12T00:01:29,2026-10-20T23:59:00
S092,quiz_7,98.5,2026-10-19T06:14:11,2026-10-27T23:59:00
S092,quiz_8,100.0,2026-10-26T00:43:28,2026-11-03T23:59:00
S093,final_project,87.2,2026-11-10T20:00:19,2026-11-10T23:59:00
S093,quiz_1,94.3,2026-09-15T06:58:47,2026-09-15T23:59:00
S093,quiz_2,100.0,2026-09-22T17:40:58,2026-09-22T23:59:00
S093,quiz_3,81.1,2026-09-29T10:10:38,2026-09-29T23:59:00
S093,quiz_4,89.1,2026-10-05T22:55:47,2026-10-06T23:59:00
S093,quiz_5,100.0,2026-10-13T08:14:24,2026-10-13T23:59:00
S093,quiz_6,87.8,2026-10-20T02:18:36,2026-10-20T23:59:00
S093,quiz_7,88.6,2026-10-25T14:43:03,2026-10-27T23:59:00
S093,quiz_8,85.7,2026-11-03T15:08:31,2026-11-03T23:59:00
S094,final_project,68.4,2026-11-10T18:28:12,2026-11-10T23:59:00
S094,quiz_1,66.5,2026-09-15T16:39:03,2026-09-15T23:59:00
S094,quiz_2,56.8,2026-09-22T20:59:54,2026-09-22T23:59:00
S094,quiz_3,59.5,2026-09-29T09:48:46,2026-09-29T23:59:00
S094,quiz_4,56.7,2026-10-06T10:17:45,2026-10-06T23:59:00
S094,quiz_5,60.9,2026-10-13T17:54:21,2026-10-13T23:59:00
S094,quiz_6,58.5,2026-10-20T04:10:08,2026-10-20T23:59:00
S094,quiz_7,65.7,2026-10-27T15:51:44,2026-10-27T23:59:00
S094,quiz_8,59.4,2026-11-03T19:35:18,2026-11-03T23:59:00
S095,final_project,65.6,2026-11-10T20:44:50,2026-11-10T23:59:00
S095,quiz_1,65.5,2026-09-14T22:32:47,2026-09-15T23:59:00
S095,quiz_2,56.3,2026-09-22T16:14:53,2026-09-22T23:59:00
S095,quiz_3,61.0,2026-09-29T15:15:02,2026-09-29T23:59:00
S095,quiz_4,68.9,2026-10-06T15:15:25,2026-10-06T23:59:00
S095,quiz_5,63.6,2026-10-13T12:09:14,2026-10-13T23:59:00
S095,quiz_6,70.8,2026-10-20T02:33:19,2026-10-20T23:59:00
S095,quiz_7,58.7,2026-10-27T19:02:43,2026-10-27T23:59:00
S095,quiz_8,64.0,2026-11-03T08:08:40,2026-11-03T23:59:00
S096,final_project,56.3,2026-11-10T19:21:32,2026-11-10T23:59:00
S096,quiz_1,62.0,2026-09-15T21:53:52,2026-09-15T23:59:00
S096,quiz_2,50.5,2026-09-22T14:47:20,2026-09-22T23:59:00
S096,quiz_3,43.6,2026-09-29T15:54:35,2026-09-29T23:59:00
S096,quiz_4,53.1,2026-10-06T14:13:39,2026-10-06T23:59:00
S096,quiz_5,57.3,2026-10-13T19:57:02,2026-10-13T23:59:00
S096,quiz_6,60.0,2026-10-20T21:10:36,2026-10-20T23:59:00
S096,quiz_7,55.0,2026-10-27T21:18:37,2026-10-27T23:59:00
S096,quiz_8,51.9,2026-11-03T04:44:05,2026-11-03T23:59:00
S097,final_project,82.0,2026-11-10T16:14:11,2026-11-10T23:59:00
S097,quiz_1,69.2,2026-09-11T01:03:16,2026-09-15T23:59:00
S097,quiz_2,67.8,2026-09-21T01:28:38,2026-09-22T23:59:00
S097,quiz_3,73.5,2026-09-28T14:13:34,2026-09-29T23:59:00
S097,quiz_4,74.9,2026-10-07T08:06:12,2026-10-06T23:59:00
S097,quiz_5,85.3,2026-10-12T00:45:39,2026-10-13T23:59:00
S097,quiz_6,75.4,2026-10-20T04:34:02,2026-10-20T23:59:00
S097,quiz_7,84.8,2026-10-25T18:06:54,2026-10-27T23:59:00
S097,quiz_8,86.4,2026-11-02T07:07:47,2026-11-03T23:59:00
S098,final_project,50.6,2026-11-10T05:53:09,2026-11-10T23:59:00
S098,quiz_1,59.8,2026-09-13T00:45:43,2026-09-15T23:59:00
S098,quiz_2,67.5,2026-09-22T02:46:44,2026-09-22T23:59:00
S098,quiz_3,53.3,2026-09-28T21:16:04,2026-09-29T23:59:00
S098,quiz_4,50.7,2026-10-06T11:40:10,2026-10-06T23:59:00
S098,quiz_5,63.2,2026-10-12T21:15:44,2026-10-13T23:59:00
S098,quiz_6,51.4,2026-10-18T20:03:26,2026-10-20T23:59:00
S098,quiz_7,50.7,2026-10-27T13:45:49,2026-10-27T23:59:00
S098,quiz_8,43.6,2026-11-03T13:20:02,2026-11-03T23:59:00
S099,final_project,84.8,2026-10-29T15:16:29,2026-11-10T23:59:00
S099,quiz_1,90.2,2026-09-08T20:02:32,2026-09-15T23:59:00
S099,quiz_2,90.2,2026-09-20T11:52:52,2026-09-22T23:59:00
S099,quiz_3,89.9,2026-09-28T19:33:27,2026-09-29T23:59:00
S099,quiz_4,89.0,2026-10-03T21:08:46,2026-10-06T23:59:00
S099,quiz_5,86.5,2026-10-10T23:37:02,2026-10-13T23:59:00
S099,quiz_6,96.9,2026-10-18T02:11:36,2026-10-20T23:59:00
S099,quiz_7,93.0,2026-10-27T08:36:51,2026-10-27T23:59:00
S099,quiz_8,100.0,2026-10-27T01:31:30,2026-11-03T23:59:00
S100,final_project,71.6,2026-11-08T12:59:03,2026-11-10T23:59:00
S100,quiz_1,82.7,2026-09-13T03:00:16,2026-09-15T23:59:00
S100,quiz_2,71.5,2026-09-19T10:15:53,2026-09-22T23:59:00
S100,quiz_3,78.6,2026-09-26T18:10:53,2026-09-29T23:59:00
S100,quiz_4,77.0,2026-10-02T22:50:37,2026-10-06T23:59:00
S100,quiz_5,78.2,2026-10-11T02:00:20,2026-10-13T23:59:00
S100,quiz_6,63.7,2026-10-12T21:37:54,2026-10-20T23:59:00
S100,quiz_7,76.9,2026-10-26T14:54:59,2026-10-27T23:59:00
S100,quiz_8,90.2,2026-10-30T23:01:39,2026-11-03T23:59:00
S101,final_project,68.6,2026-11-10T21:06:35,2026-11-10T23:59:00
S101,quiz_1,77.6,2026-09-15T09:04:41,2026-09-15T23:59:00
S101,quiz_2,77.6,2026-09-22T05:48:58,2026-09-22T23:59:00
S101,quiz_3,62.6,2026-09-29T16:51:38,2026-09-29T23:59:00
S101,quiz_4,74.5,2026-10-06T17:47:36,2026-10-06T23:59:00
S101,quiz_5,68.9,2026-10-13T20:18:53,2026-10-13T23:59:00
S101,quiz_6,63.0,2026-10-21T05:08:27,2026-10-20T23:59:00
S101,quiz_7,62.3,2026-10-27T17:44:49,2026-10-27T23:59:00
S101,quiz_8,64.4,2026-11-03T10:45:19,2026-11-03T23:59:00
S102,final_project,99.1,2026-11-06T09:32:25,2026-11-10T23:59:00
S102,quiz_1,99.4,2026-09-08T14:27:25,2026-09-15T23:59:00
S102,quiz_2,100.0,2026-09-18T13:20:36,2026-09-22T23:59:00
S102,quiz_3,94.4,2026-09-22T17:25:56,2026-09-29T23:59:00
S102,quiz_4,100.0,2026-09-30T21:52:22,2026-10-06T23:59:00
S102,quiz_5,99.8,2026-10-07T15:47:01,2026-10-13T23:59:00
S102,quiz_6,98.7,2026-10-13T00:29:26,2026-10-20T23:59:00
S102,quiz_7,100.0,2026-10-19T17:50:14,2026-10-27T23:59:00
S102,quiz_8,100.0,2026-10-29T01:11:27,2026-11-03T23:59:00
S103,final_project,76.6,2026-11-09T15:07:28,2026-11-10T23:59:00
S103,quiz_1,68.7,2026-09-15T02:50:53,2026-09-15T23:59:00
S103,quiz_2,83.2,2026-09-21T08:23:47,2026-09-22T23:59:00
S103,quiz_3,85.3,2026-09-28T00:31:06,2026-09-29T23:59:00
S103,quiz_4,87.0,2026-10-06T13:05:39,2026-10-06T23:59:00
S103,quiz_5,78.2,2026-10-13T12:17:32,2026-10-13T23:59:00
S103,quiz_6,74.9,2026-10-19T07:42:18,2026-10-20T23:59:00
S103,quiz_7,78.9,2026-10-27T02:39:12,2026-10-27T23:59:00
S103,quiz_8,84.8,2026-11-03T07:44:27,2026-11-03T23:59:00
S104,final_project,71.0,2026-11-09T05:02:47,2026-11-10T23:59:00
S104,quiz_1,73.9,2026-09-14T19:40:43,2026-09-15T23:59:00
S104,quiz_2,59.4,2026-09-18T14:16:07,2026-09-22T23:59:00
S104,quiz_3,67.4,2026-09-29T16:04:54,2026-09-29T23:59:00
S104,quiz_4,66.9,2026-10-06T12:56:06,2026-10-06T23:59:00
S104,quiz_5,53.5,2026-10-13T04:10:00,2026-10-13T23:59:00
S104,quiz_6,62.0,2026-10-20T02:19:22,2026-10-20T23:59:00
S104,quiz_7,58.3,2026-10-26T18:34:53,2026-10-27T23:59:00
S104,quiz_8,64.6,2026-11-03T00:36:12,2026-11-03T23:59:00
S105,final_project,74.2,2026-11-09T08:30:03,2026-11-10T23:59:00
S105,quiz_1,82.6,2026-09-13T16:48:28,2026-09-15T23:59:00
S105,quiz_2,88.7,2026-09-15T17:54:17,2026-09-22T23:59:00
S105,quiz_3,82.9,2026-09-28T15:25:31,2026-09-29T23:59:00
S105,quiz_4,78.6,2026-10-04T12:57:09,2026-10-06T23:59:00
S105,quiz_5,79.1,2026-10-12T10:38:02,2026-10-13T23:59:00
S105,quiz_6,77.3,2026-10-16T20:32:57,2026-10-20T23:59:00
S105,quiz_7,90.5,2026-10-27T04:52:39,2026-10-27T23:59:00
S105,quiz_8,83.6,2026-11-01T22:00:46,2026-11-03T23:59:00
S106,final_project,75.6,2026-11-10T20:48:59,2026-11-10T23:59:00
S106,quiz_1,69.8,2026-09-14T21:55:42,2026-09-15T23:59:00
S106,quiz_2,71.4,2026-09-22T18:33:03,2026-09-22T23:59:00
S106,quiz_3,61.0,2026-09-29T04:00:26,2026-09-29T23:59:00
S106,quiz_4,59.7,2026-10-06T07:18:35,2026-10-06T23:59:00
S106,quiz_5,68.9,2026-10-13T07:38:48,2026-10-13T23:59:00
S106,quiz_6,70.2,2026-10-20T09:40:42,2026-10-20T23:59:00
S106,quiz_7,67.5,2026-10-27T01:05:35,2026-10-27T23:59:00
S106,quiz_8,74.7,2026-11-02T22:00:49,2026-11-03T23:59:00
S107,final_project,79.6,2026-11-10T21:56:56,2026-11-10T23:59:00
S107,quiz_1,87.4,2026-09-15T18:38:29,2026-09-15T23:59:00
S107,quiz_2,75.3,2026-09-22T17:35:11,2026-09-22T23:59:00
S107,quiz_3,78.1,2026-09-29T07:49:54,2026-09-29T23:59:00
S107,quiz_4,87.2,2026-10-06T15:45:29,2026-10-06T23:59:00
S107,quiz_5,84.9,2026-10-13T15:56:18,2026-10-13T23:59:00
S107,quiz_6,78.1,2026-10-20T15:41:59,2026-10-20T23:59:00
S107,quiz_7,67.4,2026-10-27T16:44:16,2026-10-27T23:59:00
S107,quiz_8,76.1,2026-11-03T12:54:24,2026-11-03T23:59:00
S108,final_project,69.9,2026-11-09T05:38:18,2026-11-10T23:59:00
S108,quiz_1,75.0,2026-09-12T20:54:08,2026-09-15T23:59:00
S108,quiz_2,71.8,2026-09-21T14:16:24,2026-09-22T23:59:00
S108,quiz_3,63.6,2026-09-28T18:55:59,2026-09-29T23:59:00
S108,quiz_4,78.0,2026-10-06T06:02:52,2026-10-06T23:59:00
S108,quiz_5,72.1,2026-10-13T14:29:34,2026-10-13T23:59:00
S108,quiz_6,78.5,2026-10-19T15:50:28,2026-10-20T23:59:00
S108,quiz_7,74.1,2026-10-25T18:41:34,2026-10-27T23:59:00
S108,quiz_8,80.5,2026-10-30T18:16:41,2026-11-03T23:59:00
S109,final_project,83.1,2026-11-09T15:11:22,2026-11-10T23:59:00
S109,quiz_1,85.6,2026-09-13T18:31:59,2026-09-15T23:59:00
S109,quiz_2,76.6,2026-09-21T11:18:36,2026-09-22T23:59:00
S109,quiz_3,76.4,2026-09-27T05:20:48,2026-09-29T23:59:00
S109,quiz_4,87.6,2026-10-06T00:12:40,2026-10-06T23:59:00
S109,quiz_5,86.8,2026-10-07T03:32:04,2026-10-13T23:59:00
S109,quiz_6,81.2,2026-10-17T14:06:22,2026-10-20T23:59:00
S109,quiz_7,79.6,2026-10-24T01:50:14,2026-10-27T23:59:00
S109,quiz_8,91.7,2026-10-26T14:45:17,2026-11-03T23:59:00
S110,final_project,83.5,2026-11-10T00:24:15,2026-11-10T23:59:00
S110,quiz_1,88.1,2026-09-15T11:05:56,2026-09-15T23:59:00
S110,quiz_2,74.3,2026-09-22T07:17:42,2026-09-22T23:59:00
S110,quiz_3,74.8,2026-09-28T20:38:00,2026-09-29T23:59:00
S110,quiz_4,66.5,2026-10-06T16:08:27,2026-10-06T23:59:00
S110,quiz_5,75.5,2026-10-13T05:28:23,2026-10-13T23:59:00
S110,quiz_6,66.4,2026-10-20T19:02:34,2026-10-20T23:59:00
S110,quiz_7,77.1,2026-10-27T18:26:31,2026-10-27T23:59:00
S110,quiz_8,76.0,2026-11-03T15:07:25,2026-11-03T23:59:00
S111,final_project,79.7,2026-11-10T00:24:14,2026-11-10T23:59:00
S111,quiz_1,78.2,2026-09-15T15:52:38,2026-09-15T23:59:00
S111,quiz_2,75.0,2026-09-19T21:48:09,2026-09-22T23:59:00
S111,quiz_3,71.7,2026-09-29T16:14:16,2026-09-29T23:59:00
S111,quiz_4,82.3,2026-10-06T20:49:14,2026-10-06T23:59:00
S111,quiz_5,80.6,2026-10-13T18:11:03,2026-10-13T23:59:00
S111,quiz_6,76.0,2026-10-20T13:44:43,2026-10-20T23:59:00
S111,quiz_7,77.1,2026-10-27T19:53:34,2026-10-27T23:59:00
S111,quiz_8,82.5,2026-11-04T03:39:14,2026-11-03T23:59:00
S112,final_project,67.4,2026-11-10T16:19:36,2026-11-10T23:59:00
S112,quiz_1,68.6,2026-09-15T19:19:37,2026-09-15T23:59:00
S112,quiz_2,57.9,2026-09-22T15:11:16,2026-09-22T23:59:00
S112,quiz_3,72.8,2026-09-29T11:02:25,2026-09-29T23:59:00
S112,quiz_4,69.5,2026-10-06T03:37:25,2026-10-06T23:59:00
S112,quiz_5,64.9,2026-10-13T05:14:21,2026-10-13T23:59:00
S112,quiz_6,64.7,2026-10-20T14:19:16,2026-10-20T23:59:00
S112,quiz_7,62.7,2026-10-26T03:29:17,2026-10-27T23:59:00
S112,quiz_8,62.1,2026-11-03T17:04:46,2026-11-03T23:59:00
S113,final_project,66.0,2026-11-10T08:03:55,2026-11-10T23:59:00
S113,quiz_1,71.8,2026-09-16T09:03:32,2026-09-15T23:59:00
S113,quiz_2,63.4,2026-09-22T19:32:23,2026-09-22T23:59:00
S113,quiz_3,58.8,2026-09-29T06:40:01,2026-09-29T23:59:00
S113,quiz_4,61.2,2026-10-06T20:21:39,2026-10-06T23:59:00
S113,quiz_5,59.3,2026-10-12T18:25:53,2026-10-13T23:59:00
S113,quiz_6,60.3,2026-10-19T21:56:10,2026-10-20T23:59:00
S113,quiz_7,60.5,2026-10-27T18:50:37,2026-10-27T23:59:00
S113,quiz_8,61.2,2026-11-03T05:27:40,2026-11-03T23:59:00
S114,final_project,85.9,2026-11-07T19:55:55,2026-11-10T23:59:00
S114,quiz_1,84.2,2026-09-13T04:38:41,2026-09-15T23:59:00
S114,quiz_2,82.3,2026-09-18T13:58:14,2026-09-22T23:59:00
S114,quiz_3,91.8,2026-09-26T13:39:43,2026-09-29T23:59:00
S114,quiz_4,87.6,2026-10-03T06:44:32,2026-10-06T23:59:00
S114,quiz_5,84.8,2026-10-13T12:20:50,2026-10-13T23:59:00
S114,quiz_6,96.8,2026-10-19T12:15:49,2026-10-20T23:59:00
S114,quiz_7,92.8,2026-10-19T10:23:48,2026-10-27T23:59:00
S114,quiz_8,95.4,2026-11-02T05:52:15,2026-11-03T23:59:00
S115,final_project,96.8,2026-11-06T19:39:07,2026-11-10T23:59:00
S115,quiz_1,95.3,2026-09-12T17:26:12,2026-09-15T23:59:00
S115,quiz_2,100.0,2026-09-17T01:56:00,2026-09-22T23:59:00
S115,quiz_3,91.4,2026-09-26T02:24:56,2026-09-29T23:59:00
S115,quiz_4,94.4,2026-10-04T16:20:05,2026-10-06T23:59:00
S115,quiz_5,98.0,2026-10-10T01:50:58,2026-10-13T23:59:00
S115,quiz_6,100.0,2026-10-19T13:41:00,2026-10-20T23:59:00
S115,quiz_7,100.0,2026-10-26T05:54:34,2026-10-27T23:59:00
S115,quiz_8,100.0,2026-11-02T14:08:55,2026-11-03T23:59:00
S116,final_project,68.9,2026-11-10T22:22:59,2026-11-10T23:59:00
S116,quiz_1,67.2,2026-09-15T20:38:42,2026-09-15T23:59:00
S116,quiz_2,69.4,2026-09-22T23:23:44,2026-09-22T23:59:00
S116,quiz_3,56.5,2026-09-29T22:09:58,2026-09-29T23:59:00
S116,quiz_4,74.2,2026-10-06T07:15:24,2026-10-06T23:59:00
S116,quiz_5,74.1,2026-10-13T19:12:10,2026-10-13T23:59:00
S116,quiz_6,64.6,2026-10-20T21:35:58,2026-10-20T23:59:00
S116,quiz_7,61.5,2026-10-27T22:35:31,2026-10-27T23:59:00
S116,quiz_8,59.9,2026-11-03T21:13:30,2026-11-03T23:59:00
S117,final_project,65.5,2026-11-08T08:57:56,2026-11-10T23:59:00
S117,quiz_1,80.8,2026-09-12T15:20:05,2026-09-15T23:59:00
S117,quiz_2,68.5,2026-09-16T16:31:00,2026-09-22T23:59:00
S117,quiz_3,66.4,2026-09-28T08:15:00,2026-09-29T23:59:00
S117,quiz_4,63.2,2026-09-30T08:25:38,2026-10-06T23:59:00
S117,quiz_5,75.6,2026-10-05T14:12:33,2026-10-13T23:59:00
S117,quiz_6,61.4,2026-10-18T09:44:19,2026-10-20T23:59:00
S117,quiz_7,71.5,2026-10-26T13:43:17,2026-10-27T23:59:00
S117,quiz_8,73.3,2026-11-04T08:21:05,2026-11-03T23:59:00
S118,final_project,97.6,2026-10-31T20:32:59,2026-11-10T23:59:00
S118,quiz_1,84.9,2026-09-13T11:38:13,2026-09-15T23:59:00
S118,quiz_2,97.7,2026-09-16T05:44:14,2026-09-22T23:59:00
S118,quiz_3,87.6,2026-09-22T06:48:10,2026-09-29T23:59:00
S118,quiz_4,93.0,2026-09-28T21:24:37,2026-10-06T23:59:00
S118,quiz_5,96.7,2026-10-09T16:52:17,2026-10-13T23:59:00
S118,quiz_6,100.0,2026-10-18T13:15:54,2026-10-20T23:59:00
S118,quiz_7,97.3,2026-10-23T16:23:47,2026-10-27T23:59:00
S118,quiz_8,92.5,2026-10-30T10:31:33,2026-11-03T23:59:00
S119,final_project,73.9,2026-11-09T11:40:24,2026-11-10T23:59:00
S119,quiz_1,92.3,2026-09-15T00:03:38,2026-09-15T23:59:00
S119,quiz_2,87.0,2026-09-20T00:20:24,2026-09-22T23:59:00
S119,quiz_3,75.4,2026-09-26T07:05:52,2026-09-29T23:59:00
S119,quiz_4,75.5,2026-10-04T13:40:13,2026-10-06T23:59:00
S119,quiz_5,83.2,2026-10-10T18:03:50,2026-10-13T23:59:00
S119,quiz_6,76.5,2026-10-19T22:45:09,2026-10-20T23:59:00
S119,quiz_7,74.7,2026-10-22T14:34:05,2026-10-27T23:59:00
S119,quiz_8,81.2,2026-11-01T02:46:59,2026-11-03T23:59:00
S120,final_project,86.4,2026-11-10T16:49:04,2026-11-10T23:59:00
S120,quiz_1,74.5,2026-09-13T10:36:25,2026-09-15T23:59:00
S120,quiz_2,75.0,2026-09-22T01:54:48,2026-09-22T23:59:00
S120,quiz_3,81.2,2026-09-28T12:09:04,2026-09-29T23:59:00
S120,quiz_4,89.2,2026-10-04T07:05:15,2026-10-06T23:59:00
S120,quiz_5,92.1,2026-10-12T03:04:38,2026-10-13T23:59:00
S120,quiz_6,89.2,2026-10-17T18:25:01,2026-10-20T23:59:00
S120,quiz_7,77.7,2026-10-24T21:23:10,2026-10-27T23:59:00
S120,quiz_8,86.9,2026-11-03T08:37:51,2026-11-03T23:59:00
