session_id,group_id,student_id,speaking_time_s,num_turns,interruptions,avg_turn_length_s,gaze_peer_pct,gaze_material_pct,gesture_count,chat_messages,doc_edits,idea_units_chat
studio_1,G01,S030,438.6,32,1,13.7,34.5,47.5,15,5,1,1
studio_1,G01,S033,93.9,5,0,18.8,19.6,65.4,11,3,4,1
studio_1,G01,S038,57.2,3,1,19.1,35.9,55.2,5,9,2,3
studio_1,G01,S056,98.8,3,2,32.9,28.4,64.0,5,4,3,1
studio_1,G01,S076,2581.2,122,5,21.2,54.9,33.6,43,4,0,1
studio_1,G02,S017,787.2,64,2,12.3,41.0,44.3,9,8,7,2
studio_1,G02,S019,699.7,53,4,13.2,38.4,55.6,12,4,4,0
studio_1,G02,S026,439.3,28,1,15.7,48.7,45.3,12,2,3,1
studio_1,G02,S064,339.6,25,1,13.6,24.9,49.6,7,3,4,1
studio_1,G02,S120,1228.4,84,2,14.6,34.8,59.2,17,3,3,0
studio_1,G03,S023,125.1,6,0,20.8,32.4,48.9,2,7,4,2
studio_1,G03,S037,137.2,10,0,13.7,24.7,56.7,4,8,5,3
studio_1,G03,S055,1023.1,51,3,20.1,44.5,36.4,25,5,6,0
studio_1,G03,S079,2004.3,86,3,23.3,50.2,43.8,29,10,5,7
studio_1,G03,S100,662.7,32,4,20.7,38.9,42.6,14,11,2,3
studio_1,G04,S002,577.3,61,1,9.5,39.8,52.4,9,6,3,1
studio_1,G04,S050,438.6,46,4,9.5,36.5,57.5,13,7,4,2
studio_1,G04,S087,53.4,3,2,17.8,31.3,60.2,10,4,1,1
studio_1,G04,S090,1980.6,156,7,12.7,52.9,39.5,31,4,6,2
studio_1,G04,S102,24.4,2,0,12.2,20.1,66.0,2,5,6,2
studio_1,G05,S025,829.2,61,4,13.6,44.8,46.2,21,5,3,4
studio_1,G05,S043,13.8,1,0,13.8,34.2,55.6,2,10,4,2
studio_1,G05,S051,591.5,44,5,13.4,32.3,53.9,13,6,10,3
studio_1,G05,S107,1139.9,100,3,11.4,39.0,55.0,24,11,11,4
studio_1,G05,S118,323.9,23,1,14.1,43.9,50.1,8,7,6,0
studio_1,G06,S011,1130.5,76,4,14.9,43.4,50.6,21,4,0,2
studio_1,G06,S045,844.3,61,5,13.8,37.4,53.6,16,4,4,1
studio_1,G06,S053,455.8,47,1,9.7,52.1,36.1,13,5,5,2
studio_1,G06,S073,28.2,2,0,14.1,39.5,47.4,7,4,6,1
studio_1,G06,S116,429.4,33,2,13.0,37.4,56.6,7,4,2,0
studio_1,G07,S001,1248.8,60,5,20.8,45.9,48.1,17,5,7,3
studio_1,G07,S010,1072.1,56,4,19.1,37.7,42.0,15,9,2,2
studio_1,G07,S044,60.6,2,0,30.3,38.1,55.9,7,2,5,0
studio_1,G07,S063,677.7,26,2,26.1,36.6,38.6,12,2,2,1
studio_1,G07,S071,50.7,1,0,50.7,31.9,62.1,3,9,2,1
studio_1,G08,S021,397.9,14,3,28.4,23.0,67.8,11,9,0,1
studio_1,G08,S047,375.6,14,2,26.8,28.5,51.3,10,9,3,5
studio_1,G08,S068,1489.4,62,10,24.0,50.8,31.2,15,11,4,7
studio_1,G08,S088,443.7,19,1,23.4,32.3,59.2,13,7,1,3
studio_1,G08,S108,410.8,19,1,21.6,38.7,45.2,21,3,13,1
studio_1,G09,S029,209.9,8,2,26.2,50.3,26.6,12,4,4,1
studio_1,G09,S036,538.1,39,4,13.8,35.7,58.3,14,10,4,2
studio_1,G09,S067,716.3,41,0,17.5,41.4,37.6,17,4,0,1
studio_1,G09,S077,895.3,43,1,20.8,51.6,42.4,23,6,2,3
studio_1,G09,S082,587.8,39,1,15.1,36.0,53.7,14,10,2,3
studio_1,G10,S009,800.2,50,6,16.0,36.2,50.7,17,9,0,4
studio_1,G10,S015,34.5,3,0,11.5,33.2,60.8,7,11,19,8
studio_1,G10,S078,1141.1,76,3,15.0,32.3,61.7,20,11,5,3
studio_1,G10,S083,1449.9,90,4,16.1,46.3,39.0,31,9,6,4
studio_1,G10,S103,56.0,2,0,28.0,25.5,64.4,12,2,4,0
studio_1,G11,S046,322.7,18,3,17.9,41.3,51.6,16,8,4,1
studio_1,G11,S058,9.9,1,0,9.9,34.5,47.6,6,10,1,2
studio_1,G11,S081,747.1,50,1,14.9,31.2,46.7,12,8,2,4
studio_1,G11,S092,189.1,13,4,14.5,34.5,59.5,4,10,10,2
studio_1,G11,S105,1901.0,108,5,17.6,51.2,42.8,25,3,1,2
studio_1,G12,S013,637.0,55,2,11.6,34.9,49.6,16,5,3,1
studio_1,G12,S057,585.8,52,1,11.3,31.5,58.5,12,11,4,4
studio_1,G12,S059,165.5,11,2,15.0,20.9,62.5,2,5,7,2
studio_1,G12,S084,1437.6,116,3,12.4,56.1,37.9,23,7,3,2
studio_1,G12,S095,223.8,14,3,16.0,30.3,58.9,7,1,4,1
studio_1,G13,S012,367.1,24,0,15.3,35.1,58.9,13,13,6,5
studio_1,G13,S022,296.5,20,2,14.8,37.1,56.9,4,9,7,4
studio_1,G13,S061,940.3,43,1,21.9,44.5,41.1,16,10,4,3
studio_1,G13,S072,1511.2,72,4,21.0,39.4,41.9,22,7,1,1
studio_1,G13,S091,269.8,12,1,22.5,35.4,52.3,9,5,7,3
studio_1,G14,S031,333.7,18,0,18.5,33.0,53.1,11,8,2,3
studio_1,G14,S039,1096.8,62,4,17.7,41.7,52.3,21,12,4,7
studio_1,G14,S065,981.2,71,3,13.8,53.6,38.7,26,6,5,2
studio_1,G14,S074,155.6,14,3,11.1,33.9,60.1,10,4,8,2
studio_1,G14,S104,85.5,7,2,12.2,30.9,55.7,4,4,2,0
studio_1,G15,S006,290.2,21,2,13.8,37.1,51.0,11,12,7,5
studio_1,G15,S014,1215.8,77,4,15.8,43.6,45.4,18,8,2,3
studio_1,G15,S020,382.0,31,1,12.3,48.5,45.5,10,6,9,3
studio_1,G15,S032,409.4,23,5,17.8,38.7,51.0,11,5,9,1
studio_1,G15,S034,912.7,56,4,16.3,41.1,52.9,16,7,0,1
studio_1,G16,S007,565.5,35,3,16.2,41.7,45.4,12,6,10,0
studio_1,G16,S052,128.3,5,1,25.7,26.2,60.5,8,13,0,3
studio_1,G16,S070,878.2,68,3,12.9,51.1,42.9,17,19,0,5
studio_1,G16,S080,800.7,57,4,14.0,33.2,60.8,16,5,3,2
studio_1,G16,S109,478.8,31,1,15.4,31.9,58.8,13,10,3,6
studio_1,G17,S016,209.0,16,2,13.1,34.6,54.4,7,3,6,1
studio_1,G17,S035,317.8,15,0,21.2,17.6,70.0,9,4,2,0
studio_1,G17,S062,396.0,29,4,13.7,40.1,44.4,12,11,5,5
studio_1,G17,S086,442.2,24,4,18.4,39.4,54.6,9,9,9,4
studio_1,G17,S099,1870.0,117,5,16.0,43.7,50.3,27,6,6,1
studio_1,G18,S004,181.1,10,1,18.1,40.7,52.0,3,6,4,2
studio_1,G18,S054,647.5,46,2,14.1,34.9,59.1,10,1,0,0
studio_1,G18,S069,891.3,57,4,15.6,47.8,46.2,19,4,6,0
studio_1,G18,S075,599.6,29,1,20.7,40.6,53.4,5,6,0,1
studio_1,G18,S101,723.0,41,2,17.6,45.4,48.6,15,3,3,1
studio_1,G19,S003,124.6,8,0,15.6,25.9,60.1,7,2,0,2
studio_1,G19,S008,105.0,6,0,17.5,29.9,46.3,10,7,8,4
studio_1,G19,S018,768.9,68,3,11.3,36.8,55.7,21,5,9,1
studio_1,G19,S042,389.1,30,2,13.0,32.9,47.9,11,8,2,3
studio_1,G19,S066,1719.3,131,5,13.1,49.0,45.0,36,8,6,3
studio_1,G20,S089,145.3,17,0,8.5,33.8,43.1,9,6,11,4
studio_1,G20,S112,657.1,62,3,10.6,42.3,50.7,14,15,0,6
studio_1,G20,S113,159.6,10,1,16.0,37.9,53.2,8,8,9,3
studio_1,G20,S117,454.1,46,3,9.9,44.0,50.0,8,5,4,1
studio_1,G20,S119,1281.4,113,2,11.3,51.0,43.0,33,10,0,1
studio_1,G21,S085,934.4,53,2,17.6,51.2,42.8,15,8,5,2
studio_1,G21,S094,816.4,45,3,18.1,38.5,55.5,16,1,7,1
studio_1,G21,S098,655.9,36,3,18.2,44.9,49.1,13,13,7,5
studio_1,G21,S111,598.1,35,1,17.1,35.7,58.3,6,8,5,3
studio_1,G21,S115,187.2,19,1,9.9,40.5,39.3,6,7,7,5
studio_1,G22,S027,627.7,39,3,16.1,42.9,51.1,13,12,6,6
studio_1,G22,S093,601.7,31,1,19.4,36.4,57.1,6,15,2,6
studio_1,G22,S096,600.3,44,5,13.6,49.1,30.0,11,11,4,3
studio_1,G22,S097,406.7,37,3,11.0,40.1,53.9,6,2,2,0
studio_1,G22,S110,717.2,34,4,21.1,44.7,49.3,15,11,11,6
studio_1,G23,S024,567.4,42,0,13.5,45.7,48.3,13,8,1,3
studio_1,G23,S040,455.9,33,2,13.8,35.1,44.1,13,7,4,1
studio_1,G23,S049,1001.4,95,6,10.5,39.5,54.5,23,6,2,2
studio_1,G23,S106,459.4,56,1,8.2,32.9,45.9,11,12,8,3
studio_1,G23,S114,225.3,9,3,25.0,35.8,55.1,7,11,2,6
studio_1,G24,S005,147.8,5,0,29.6,28.2,53.1,7,4,7,2
studio_1,G24,S028,572.9,38,0,15.1,29.7,62.6,12,10,11,3
studio_1,G24,S041,1167.0,61,3,19.1,42.3,51.7,22,4,1,2
studio_1,G24,S048,454.2,25,1,18.2,42.2,46.9,7,7,5,3
studio_1,G24,S060,944.6,39,4,24.2,34.6,59.4,20,5,0,2
studio_2,G01,S030,391.8,39,0,10.0,31.9,60.9,5,1,3,0
studio_2,G01,S033,2134.7,170,9,12.6,40.5,53.5,41,4,3,3
studio_2,G01,S038,4.7,1,2,4.7,43.4,50.6,4,7,0,4
studio_2,G01,S056,317.9,28,0,11.4,31.9,50.8,11,5,6,2
studio_2,G01,S076,457.4,30,1,15.2,49.0,45.0,12,4,2,1
studio_2,G02,S017,1391.0,88,3,15.8,40.1,53.9,16,11,5,3
studio_2,G02,S019,804.7,42,4,19.2,36.4,54.4,14,6,4,1
studio_2,G02,S026,115.9,12,1,9.7,42.5,51.5,5,4,2,2
studio_2,G02,S064,201.2,11,1,18.3,23.7,70.0,7,2,4,2
studio_2,G02,S120,727.2,62,2,11.7,32.4,51.8,16,7,8,2
studio_2,G03,S023,348.1,38,0,9.2,38.8,48.4,10,6,5,2
studio_2,G03,S037,20.0,1,0,20.0,36.4,42.7,3,7,3,2
studio_2,G03,S055,622.2,64,5,9.7,34.9,57.0,10,11,3,3
studio_2,G03,S079,1479.6,97,5,15.3,40.3,42.3,22,9,6,7
studio_2,G03,S100,840.3,53,4,15.9,38.8,55.2,20,6,0,1
studio_2,G04,S002,871.1,61,4,14.3,35.7,58.3,24,2,2,0
studio_2,G04,S050,99.8,10,0,10.0,42.5,50.5,6,7,1,3
studio_2,G04,S087,37.0,2,1,18.5,32.1,53.2,5,6,5,2
studio_2,G04,S090,1911.7,119,8,16.1,53.1,40.9,29,8,3,4
studio_2,G04,S102,9.1,1,0,9.1,36.9,57.1,7,2,12,0
studio_2,G05,S025,853.0,92,4,9.3,52.3,41.7,28,5,2,1
studio_2,G05,S043,165.8,23,1,7.2,27.5,42.6,10,2,4,2
studio_2,G05,S051,158.9,15,3,10.6,39.3,41.4,12,3,4,2
studio_2,G05,S107,911.4,89,3,10.2,35.4,58.6,16,8,4,1
studio_2,G05,S118,428.6,44,0,9.7,32.5,48.9,8,6,5,1
studio_2,G06,S011,277.0,16,0,17.3,39.8,38.2,5,7,0,3
studio_2,G06,S045,410.9,39,1,10.5,43.3,47.7,13,7,2,2
studio_2,G06,S053,565.5,49,2,11.5,30.8,47.0,10,5,3,4
studio_2,G06,S073,1028.9,81,2,12.7,34.0,58.3,22,8,5,2
studio_2,G06,S116,638.4,47,3,13.6,42.7,43.9,11,9,8,2
studio_2,G07,S001,1532.3,94,3,16.3,41.0,41.7,22,4,5,3
studio_2,G07,S010,697.9,55,2,12.7,26.0,68.0,19,8,0,2
studio_2,G07,S044,195.9,13,0,15.1,33.8,53.5,10,4,5,1
studio_2,G07,S063,45.6,3,0,15.2,29.9,62.3,6,6,3,0
studio_2,G07,S071,382.2,27,2,14.2,42.5,51.5,12,14,4,5
studio_2,G08,S021,692.8,58,2,11.9,49.0,45.0,10,7,0,3
studio_2,G08,S047,268.5,12,2,22.4,43.6,50.4,15,9,1,4
studio_2,G08,S068,604.2,72,3,8.4,46.3,40.3,12,19,4,7
studio_2,G08,S088,1089.4,91,3,12.0,41.9,52.1,19,2,0,0
studio_2,G08,S108,286.9,24,1,12.0,40.5,46.3,5,5,9,1
studio_2,G09,S029,294.7,26,1,11.3,29.3,56.2,6,3,6,2
studio_2,G09,S036,338.0,22,1,15.4,33.5,52.8,6,4,6,2
studio_2,G09,S067,944.0,81,3,11.7,46.9,39.4,18,3,1,0
studio_2,G09,S077,932.5,68,6,13.7,37.4,47.6,18,5,1,2
studio_2,G09,S082,593.3,40,3,14.8,34.7,54.7,11,10,1,3
studio_2,G10,S009,1123.5,76,1,14.8,45.2,48.8,16,13,4,7
studio_2,G10,S015,160.6,7,2,22.9,35.3,57.4,6,6,7,4
studio_2,G10,S078,315.9,18,0,17.5,26.5,51.6,11,11,9,6
studio_2,G10,S083,1327.1,86,3,15.4,57.3,36.7,27,9,7,6
studio_2,G10,S103,47.1,7,0,6.7,39.1,54.9,6,2,4,1
studio_2,G11,S046,383.5,27,0,14.2,38.3,54.8,4,7,1,3
studio_2,G11,S058,25.5,7,1,3.6,39.3,43.9,9,6,5,3
studio_2,G11,S081,2028.6,130,5,15.6,48.9,45.1,33,5,4,3
studio_2,G11,S092,703.8,50,2,14.1,28.3,54.6,23,8,4,3
studio_2,G11,S105,18.2,1,0,18.2,32.8,59.3,8,4,0,0
studio_2,G12,S013,844.7,53,6,15.9,27.0,51.4,16,3,4,1
studio_2,G12,S057,799.4,52,5,15.4,46.0,48.0,17,18,5,5
studio_2,G12,S059,309.7,19,3,16.3,36.4,51.9,12,3,1,0
studio_2,G12,S084,857.9,49,3,17.5,34.1,59.9,16,6,1,4
studio_2,G12,S095,176.5,10,1,17.6,39.5,54.5,11,8,10,4
studio_2,G13,S012,422.7,28,1,15.1,37.6,51.7,11,7,7,2
studio_2,G13,S022,46.0,7,1,6.6,39.7,43.4,6,7,3,1
studio_2,G13,S061,681.6,29,2,23.5,40.9,53.1,7,10,2,2
studio_2,G13,S072,1405.8,72,7,19.5,41.6,52.4,25,4,1,1
studio_2,G13,S091,395.2,27,2,14.6,44.1,45.3,10,5,10,0
studio_2,G14,S031,200.5,13,2,15.4,37.4,56.6,7,4,0,0
studio_2,G14,S039,1919.9,150,9,12.8,41.6,48.9,32,25,8,10
studio_2,G14,S065,478.9,26,3,18.4,41.4,52.6,11,3,6,0
studio_2,G14,S074,36.1,3,1,12.0,39.0,55.0,2,5,4,1
studio_2,G14,S104,345.7,16,2,21.6,36.2,54.5,8,5,3,2
studio_2,G15,S006,555.1,66,6,8.4,44.5,49.5,15,15,3,5
studio_2,G15,S014,994.0,113,5,8.8,36.3,50.0,25,8,2,4
studio_2,G15,S020,321.2,44,1,7.3,31.5,58.6,9,9,13,2
studio_2,G15,S032,335.3,47,3,7.1,48.1,45.9,8,9,4,6
studio_2,G15,S034,129.5,10,1,13.0,18.3,67.0,4,7,0,3
studio_2,G16,S007,666.2,50,3,13.3,24.4,59.4,18,10,12,3
studio_2,G16,S052,204.0,19,2,10.7,37.1,52.9,8,10,0,3
studio_2,G16,S070,1086.5,89,3,12.2,41.8,49.0,20,16,0,6
studio_2,G16,S080,728.8,61,1,11.9,36.3,51.7,10,4,1,0
studio_2,G16,S109,157.6,20,0,7.9,39.1,54.9,5,19,0,8
studio_2,G17,S016,1050.1,101,1,10.4,36.7,57.3,16,6,8,2
studio_2,G17,S035,647.8,45,3,14.4,34.3,59.7,11,4,4,1
studio_2,G17,S062,138.4,14,0,9.9,35.3,58.7,7,7,11,1
studio_2,G17,S086,575.7,51,2,11.3,47.2,42.9,11,8,4,1
studio_2,G17,S099,995.7,72,1,13.8,49.7,44.3,13,9,6,4
studio_2,G18,S004,163.9,12,0,13.7,54.6,39.4,8,3,0,2
studio_2,G18,S054,870.7,52,3,16.7,34.6,51.7,15,2,0,0
studio_2,G18,S069,859.1,48,2,17.9,37.9,45.0,18,6,11,2
studio_2,G18,S075,590.5,28,4,21.1,34.6,59.4,12,5,1,2
studio_2,G18,S101,686.0,37,3,18.5,42.4,51.6,10,5,4,1
studio_2,G19,S003,191.1,11,1,17.4,30.7,52.5,6,6,2,1
studio_2,G19,S008,803.1,30,2,26.8,18.9,70.0,13,4,8,2
studio_2,G19,S018,1055.6,49,1,21.5,35.8,55.5,15,9,4,2
studio_2,G19,S042,366.8,23,1,15.9,39.5,44.6,5,8,1,4
studio_2,G19,S066,774.4,39,2,19.9,31.9,48.6,21,9,7,3
studio_2,G20,S089,518.8,33,1,15.7,40.5,47.9,9,3,5,2
studio_2,G20,S112,996.3,61,2,16.3,38.1,55.9,22,11,1,4
studio_2,G20,S113,137.3,4,1,34.3,36.4,46.5,8,11,2,3
studio_2,G20,S117,747.2,55,1,13.6,42.9,51.1,16,4,5,0
studio_2,G20,S119,920.3,63,2,14.6,46.0,48.0,19,11,0,3
studio_2,G21,S085,679.8,64,3,10.6,36.0,55.5,19,4,1,3
studio_2,G21,S094,667.4,56,2,11.9,32.1,54.3,16,5,4,3
studio_2,G21,S098,621.2,45,3,13.8,42.7,47.4,19,12,8,1
studio_2,G21,S111,634.2,53,0,12.0,51.0,43.0,19,4,4,0
studio_2,G21,S115,437.4,31,0,14.1,43.1,50.9,12,8,1,2
studio_2,G22,S027,405.5,16,1,25.3,33.1,60.9,13,7,12,3
studio_2,G22,S093,911.8,36,8,25.3,47.7,46.3,18,11,3,4
studio_2,G22,S096,754.5,50,3,15.1,38.9,55.1,15,7,2,2
studio_2,G22,S097,505.1,24,3,21.0,43.5,40.7,16,8,0,5
studio_2,G22,S110,1026.5,51,7,20.1,38.4,53.3,13,4,9,2
studio_2,G23,S024,889.8,67,3,13.3,39.8,52.4,18,6,3,3
studio_2,G23,S040,374.4,33,1,11.3,50.3,34.0,16,9,4,5
studio_2,G23,S049,970.2,95,5,10.2,34.8,57.4,27,2,4,1
studio_2,G23,S106,345.4,35,0,9.9,32.0,59.8,9,16,1,5
studio_2,G23,S114,458.3,45,2,10.2,20.3,68.3,14,12,3,3
studio_2,G24,S005,366.1,35,1,10.5,38.4,53.6,11,3,5,1
studio_2,G24,S028,462.9,55,3,8.4,37.8,56.2,15,5,14,4
studio_2,G24,S041,730.8,63,2,11.6,27.8,65.6,19,6,1,2
studio_2,G24,S048,221.8,19,1,11.7,38.3,55.7,9,8,3,3
studio_2,G24,S060,795.7,67,7,11.9,35.7,50.7,18,7,0,2
studio_3,G01,S030,295.0,24,0,12.3,31.1,46.9,13,4,4,1
studio_3,G01,S033,1132.3,99,3,11.4,40.0,49.6,23,4,4,2
studio_3,G01,S038,18.8,2,0,9.4,36.1,46.8,2,10,0,4
studio_3,G01,S056,572.0,49,4,11.7,35.3,58.7,18,9,6,3
studio_3,G01,S076,1116.5,79,3,14.1,33.3,60.7,23,7,1,5
studio_3,G02,S017,1566.3,102,3,15.4,49.2,44.8,22,8,4,2
studio_3,G02,S019,1195.8,81,6,14.8,38.2,53.2,21,5,5,2
studio_3,G02,S026,47.1,1,0,47.1,31.7,53.9,3,2,7,2
studio_3,G02,S064,226.7,21,1,10.8,39.9,49.5,7,1,7,1
studio_3,G02,S120,338.7,21,1,16.1,37.9,55.8,7,3,5,1
studio_3,G03,S023,73.6,2,0,36.8,36.8,57.2,3,9,0,4
studio_3,G03,S037,311.7,31,2,10.1,39.0,53.5,14,6,2,0
studio_3,G03,S055,799.5,47,5,17.0,35.0,55.2,17,10,4,3
studio_3,G03,S079,740.5,43,5,17.2,50.0,40.7,16,7,6,2
studio_3,G03,S100,1147.2,76,3,15.1,47.3,46.7,22,10,0,2
studio_3,G04,S002,574.6,54,4,10.6,33.0,61.0,11,5,1,3
studio_3,G04,S050,89.2,8,0,11.2,38.4,55.6,11,9,3,5
studio_3,G04,S087,227.9,22,0,10.4,33.7,60.3,5,2,3,0
studio_3,G04,S090,1833.7,176,9,10.4,42.4,51.6,28,8,7,3
studio_3,G04,S102,170.4,11,1,15.5,35.5,51.4,9,1,5,1
studio_3,G05,S025,1063.2,51,0,20.8,40.4,50.3,20,8,0,4
studio_3,G05,S043,71.4,3,1,23.8,32.9,61.1,7,6,5,4
studio_3,G05,S051,93.1,3,3,31.0,38.9,55.1,3,5,2,1
studio_3,G05,S107,1344.1,67,4,20.1,41.8,47.2,20,14,4,6
studio_3,G05,S118,849.6,63,1,13.5,39.3,50.1,13,5,10,3
studio_3,G06,S011,702.5,42,2,16.7,40.3,49.5,8,2,1,2
studio_3,G06,S045,1581.2,95,3,16.6,49.1,44.9,20,9,1,3
studio_3,G06,S053,198.1,12,0,16.5,36.3,57.3,13,9,3,4
studio_3,G06,S073,386.5,23,2,16.8,42.6,51.4,11,7,5,0
studio_3,G06,S116,192.5,17,0,11.3,29.8,64.2,10,4,6,1
studio_3,G07,S001,1092.1,57,7,19.2,38.2,55.8,25,6,4,2
studio_3,G07,S010,455.8,22,2,20.7,38.8,52.2,7,9,0,3
studio_3,G07,S044,215.8,10,0,21.6,44.2,49.4,8,3,8,1
studio_3,G07,S063,565.9,30,1,18.9,35.9,38.1,18,1,3,1
studio_3,G07,S071,583.3,32,1,18.2,55.4,38.6,16,9,3,3
studio_3,G08,S021,700.8,43,4,16.3,44.9,49.1,23,10,0,3
studio_3,G08,S047,512.0,31,1,16.5,34.9,55.8,19,6,6,1
studio_3,G08,S068,222.2,10,1,22.2,35.1,57.4,8,18,3,7
studio_3,G08,S088,250.8,14,1,17.9,44.0,47.1,8,6,0,2
studio_3,G08,S108,1108.3,77,3,14.4,41.0,53.0,20,3,8,1
studio_3,G09,S029,238.1,19,1,12.5,35.1,45.4,10,2,4,1
studio_3,G09,S036,432.3,29,0,14.9,37.0,49.7,17,6,3,1
studio_3,G09,S067,508.8,45,2,11.3,27.5,45.2,9,2,0,0
studio_3,G09,S077,1380.7,104,4,13.3,34.9,57.2,27,1,1,0
studio_3,G09,S082,569.8,46,4,12.4,34.3,59.7,8,8,1,2
studio_3,G10,S009,1124.6,62,4,18.1,41.7,52.3,22,7,7,3
studio_3,G10,S015,150.8,10,0,15.1,39.4,54.6,9,4,6,2
studio_3,G10,S078,935.0,61,5,15.3,45.9,48.0,11,11,8,4
studio_3,G10,S083,701.4,38,5,18.5,39.2,54.0,10,10,3,4
studio_3,G10,S103,14.8,2,0,7.4,41.8,48.5,3,4,7,1
studio_3,G11,S046,131.6,3,1,43.9,40.3,51.6,10,5,2,2
studio_3,G11,S058,6.0,1,0,6.0,40.9,51.2,7,9,2,3
studio_3,G11,S081,1496.6,64,5,23.4,44.4,49.6,26,6,3,1
studio_3,G11,S092,1463.9,73,5,20.1,51.1,42.9,32,14,9,5
studio_3,G11,S105,68.8,2,1,34.4,43.2,41.4,6,1,1,1
studio_3,G12,S013,1014.0,84,4,12.1,38.2,55.8,23,7,5,2
studio_3,G12,S057,562.6,49,3,11.5,40.6,53.4,12,11,2,7
studio_3,G12,S059,266.0,25,2,10.6,33.1,60.9,5,3,1,1
studio_3,G12,S084,952.3,52,6,18.3,38.3,51.7,17,6,1,3
studio_3,G12,S095,533.4,45,3,11.9,35.8,46.8,8,8,9,4
studio_3,G13,S012,1218.1,72,2,16.9,46.9,45.6,26,15,8,4
studio_3,G13,S022,7.5,1,1,7.5,26.7,63.8,7,10,4,5
studio_3,G13,S061,823.2,56,4,14.7,36.4,55.9,15,6,3,3
studio_3,G13,S072,1470.8,105,1,14.0,39.2,54.8,19,9,2,1
studio_3,G13,S091,66.4,8,0,8.3,31.4,53.9,8,0,5,0
studio_3,G14,S031,68.4,6,0,11.4,33.0,48.2,6,4,0,0
studio_3,G14,S039,1275.7,98,4,13.0,41.6,36.4,29,12,5,7
studio_3,G14,S065,840.5,52,4,16.2,47.5,46.5,17,6,3,3
studio_3,G14,S074,626.8,66,2,9.5,36.8,52.1,12,3,4,3
studio_3,G14,S104,182.8,15,0,12.2,30.1,57.6,6,3,0,1
studio_3,G15,S006,604.9,48,3,12.6,34.7,50.5,11,7,9,4
studio_3,G15,S014,608.5,34,4,17.9,23.3,57.1,16,8,1,1
studio_3,G15,S020,912.5,61,0,15.0,49.3,44.7,19,10,9,2
studio_3,G15,S032,275.2,28,4,9.8,33.0,46.3,11,12,9,4
studio_3,G15,S034,830.3,73,3,11.4,30.0,51.9,7,4,0,0
studio_3,G16,S007,417.2,19,4,22.0,42.7,48.7,9,6,7,2
studio_3,G16,S052,365.2,17,2,21.5,39.1,46.2,9,16,2,4
studio_3,G16,S070,1258.3,47,1,26.8,55.1,38.9,18,17,1,9
studio_3,G16,S080,552.2,31,1,17.8,32.3,52.7,8,5,2,4
studio_3,G16,S109,386.9,14,2,27.6,46.0,43.6,9,12,1,7
studio_3,G17,S016,780.2,55,2,14.2,47.3,37.7,15,7,8,1
studio_3,G17,S035,265.6,19,2,14.0,31.8,61.1,7,1,3,0
studio_3,G17,S062,873.3,67,3,13.0,36.0,58.0,11,8,9,3
studio_3,G17,S086,512.0,23,1,22.3,34.3,59.1,5,5,8,2
studio_3,G17,S099,1129.2,78,2,14.5,43.7,40.1,19,4,7,2
studio_3,G18,S004,198.5,13,1,15.3,21.9,69.1,9,4,6,0
studio_3,G18,S054,763.9,61,1,12.5,47.6,30.6,15,2,1,0
studio_3,G18,S069,686.0,31,4,22.1,28.9,54.7,11,8,12,3
studio_3,G18,S075,419.9,29,1,14.5,32.3,61.7,9,6,2,3
studio_3,G18,S101,1126.2,69,5,16.3,39.8,54.2,16,4,1,2
studio_3,G19,S003,59.3,4,0,14.8,39.6,54.4,6,7,2,2
studio_3,G19,S008,41.6,4,0,10.4,30.2,58.9,4,2,6,1
studio_3,G19,S018,1355.1,102,2,13.3,42.5,51.5,25,4,6,2
studio_3,G19,S042,196.4,16,2,12.3,36.9,57.1,13,10,5,4
studio_3,G19,S066,957.6,77,4,12.4,47.1,46.9,15,4,4,1
studio_3,G20,S089,678.6,37,4,18.3,33.6,49.1,17,12,9,6
studio_3,G20,S112,843.2,57,2,14.8,41.4,52.6,17,11,1,4
studio_3,G20,S113,152.6,7,0,21.8,44.2,49.8,4,9,7,3
studio_3,G20,S117,406.3,23,0,17.7,40.8,51.6,9,4,5,0
studio_3,G20,S119,1038.9,53,3,19.6,30.3,63.7,14,4,0,0
studio_3,G21,S085,742.4,47,2,15.8,35.3,47.9,15,1,6,0
studio_3,G21,S094,718.3,42,2,17.1,48.5,45.5,14,7,3,3
studio_3,G21,S098,650.5,25,0,26.0,43.5,42.3,8,7,5,2
studio_3,G21,S111,417.5,21,1,19.9,30.9,50.8,9,4,4,1
studio_3,G21,S115,355.0,15,3,23.7,17.2,55.0,11,7,8,1
studio_3,G22,S027,665.4,38,2,17.5,44.9,47.2,14,8,4,3
studio_3,G22,S093,535.6,31,4,17.3,40.8,53.2,12,8,6,2
studio_3,G22,S096,986.0,69,1,14.3,54.4,39.6,22,12,3,2
studio_3,G22,S097,714.2,51,1,14.0,44.3,49.2,16,6,0,1
studio_3,G22,S110,344.5,21,1,16.4,34.1,48.4,13,9,11,2
studio_3,G23,S024,397.5,10,1,39.8,40.1,33.6,16,8,1,2
studio_3,G23,S040,165.1,8,2,20.6,60.5,26.8,11,4,2,4
studio_3,G23,S049,959.4,71,1,13.5,41.9,52.1,15,8,4,2
studio_3,G23,S106,972.5,83,1,11.7,29.3,61.4,16,18,7,7
studio_3,G23,S114,537.9,39,1,13.8,34.8,58.1,12,4,7,3
studio_3,G24,S005,251.7,12,1,21.0,30.5,59.8,10,4,9,2
studio_3,G24,S028,908.8,62,4,14.7,53.7,40.3,20,8,7,2
studio_3,G24,S041,1070.3,77,5,13.9,45.6,48.4,14,3,0,2
studio_3,G24,S048,155.8,11,0,14.2,34.5,56.0,10,5,3,3
studio_3,G24,S060,618.1,36,1,17.2,34.3,59.3,15,5,1,3
studio_4,G01,S030,1551.4,88,5,17.6,44.8,49.2,23,3,3,2
studio_4,G01,S033,62.5,5,0,12.5,31.8,57.8,1,2,4,1
studio_4,G01,S038,250.5,13,1,19.3,34.7,57.0,10,7,1,3
studio_4,G01,S056,684.4,46,4,14.9,45.9,48.1,16,12,2,4
studio_4,G01,S076,379.4,20,3,19.0,34.4,58.4,13,4,2,0
studio_4,G02,S017,1199.5,58,6,20.7,43.4,44.4,29,8,6,1
studio_4,G02,S019,625.8,24,3,26.1,44.9,46.9,20,4,5,2
studio_4,G02,S026,74.9,5,0,15.0,31.2,47.8,7,4,1,2
studio_4,G02,S064,850.2,65,4,13.1,36.4,57.6,14,5,5,2
studio_4,G02,S120,223.0,12,1,18.6,35.3,40.1,6,6,3,3
studio_4,G03,S023,83.0,5,1,16.6,39.8,47.9,7,6,6,4
studio_4,G03,S037,500.0,33,1,15.2,39.1,49.5,9,8,3,4
studio_4,G03,S055,941.6,47,1,20.0,44.0,50.0,22,11,2,5
studio_4,G03,S079,1549.7,86,3,18.0,40.8,45.6,20,8,11,3
studio_4,G03,S100,296.8,21,1,14.1,21.4,48.7,5,17,0,7
studio_4,G04,S002,916.6,62,3,14.8,42.2,51.8,21,4,0,0
studio_4,G04,S050,142.0,8,0,17.8,36.5,57.5,6,5,5,4
studio_4,G04,S087,39.7,1,1,39.7,36.2,56.9,6,4,0,0
studio_4,G04,S090,1708.3,82,6,20.8,59.2,34.8,35,6,3,2
studio_4,G04,S102,42.3,1,1,42.3,33.9,60.1,4,4,6,0
studio_4,G05,S025,1165.4,58,7,20.1,38.4,55.6,19,9,5,4
studio_4,G05,S043,169.9,8,1,21.2,38.4,49.3,3,6,7,3
studio_4,G05,S051,692.0,50,2,13.8,37.3,55.2,14,6,4,2
studio_4,G05,S107,390.3,10,2,39.0,39.7,54.3,11,11,11,0
studio_4,G05,S118,933.5,45,3,20.7,48.3,36.3,11,10,4,3
studio_4,G06,S011,434.8,45,2,9.7,43.0,51.0,4,4,4,2
studio_4,G06,S045,770.5,58,0,13.3,38.8,51.6,17,9,1,5
studio_4,G06,S053,1106.4,101,4,11.0,48.5,41.0,28,7,2,3
studio_4,G06,S073,154.2,11,1,14.0,40.6,53.4,4,2,8,0
studio_4,G06,S116,391.8,28,2,14.0,34.0,55.4,17,6,8,1
studio_4,G07,S001,1380.0,109,6,12.7,45.8,38.3,15,7,2,3
studio_4,G07,S010,916.8,70,1,13.1,49.3,44.7,23,10,3,5
studio_4,G07,S044,141.9,11,0,12.9,41.8,52.2,11,4,12,3
studio_4,G07,S063,392.7,27,0,14.5,33.8,50.7,12,5,1,0
studio_4,G07,S071,363.8,34,0,10.7,29.7,54.5,4,10,2,2
studio_4,G08,S021,1811.5,65,3,27.9,40.3,53.7,24,6,0,2
studio_4,G08,S047,19.4,1,2,19.4,24.1,59.1,7,7,4,1
studio_4,G08,S068,710.2,31,3,22.9,33.2,60.8,10,16,4,8
studio_4,G08,S088,732.2,31,1,23.6,30.8,63.2,14,5,0,1
studio_4,G08,S108,169.0,7,2,24.1,41.4,49.3,11,7,14,2
studio_4,G09,S029,344.2,25,4,13.8,39.0,55.0,9,4,3,2
studio_4,G09,S036,142.3,11,0,12.9,32.4,58.1,6,10,4,4
studio_4,G09,S067,558.6,30,1,18.6,45.7,48.3,8,7,5,4
studio_4,G09,S077,1054.5,80,5,13.2,42.2,51.8,18,6,1,3
studio_4,G09,S082,638.1,61,0,10.5,42.2,51.3,7,8,0,0
studio_4,G10,S009,1403.5,133,5,10.6,45.8,41.6,34,5,3,3
studio_4,G10,S015,60.4,8,0,7.6,24.0,70.0,7,7,2,1
studio_4,G10,S078,60.2,6,1,10.0,20.0,65.7,10,7,4,4
studio_4,G10,S083,1520.7,117,5,13.0,36.8,51.9,29,4,3,0
studio_4,G10,S103,17.1,1,1,17.1,35.0,39.1,8,3,2,1
studio_4,G11,S046,334.4,25,3,13.4,37.8,55.1,11,5,0,2
studio_4,G11,S058,47.5,5,2,9.5,30.0,62.6,9,4,3,1
studio_4,G11,S081,1753.4,135,5,13.0,47.6,46.4,32,15,2,4
studio_4,G11,S092,380.7,26,1,14.6,32.2,55.2,17,6,9,2
studio_4,G11,S105,221.8,19,1,11.7,40.1,41.0,12,1,0,1
studio_4,G12,S013,848.1,39,3,21.7,37.6,49.4,16,10,3,4
studio_4,G12,S057,950.8,45,5,21.1,41.2,52.8,21,12,1,4
studio_4,G12,S059,288.1,14,0,20.6,37.7,56.3,5,1,2,0
studio_4,G12,S084,794.7,46,1,17.3,40.1,50.2,16,6,1,2
studio_4,G12,S095,229.0,9,4,25.4,39.6,54.4,12,9,6,5
studio_4,G13,S012,917.7,71,2,12.9,30.9,56.0,16,11,15,4
studio_4,G13,S022,132.2,18,0,7.3,36.2,54.0,8,14,7,10
studio_4,G13,S061,537.2,46,3,11.7,27.8,58.1,10,7,2,0
studio_4,G13,S072,1279.1,86,5,14.9,42.4,51.6,16,5,2,3
studio_4,G13,S091,491.1,42,1,11.7,35.9,55.6,14,0,6,0
studio_4,G14,S031,142.2,7,0,20.3,32.7,61.3,6,4,0,0
studio_4,G14,S039,408.9,25,5,16.4,41.3,52.7,13,15,8,5
studio_4,G14,S065,1095.4,75,5,14.6,44.0,45.7,28,10,2,2
studio_4,G14,S074,749.0,37,3,20.2,41.8,52.2,23,2,4,1
studio_4,G14,S104,179.7,6,1,30.0,30.4,53.6,5,2,0,1
studio_4,G15,S006,300.9,18,1,16.7,32.7,61.1,12,10,5,6
studio_4,G15,S014,1268.5,84,6,15.1,45.7,46.2,17,3,3,1
studio_4,G15,S020,592.8,33,1,18.0,42.2,51.8,15,7,8,2
studio_4,G15,S032,1010.9,65,4,15.6,43.5,47.5,18,10,4,3
studio_4,G15,S034,221.4,15,0,14.8,47.6,46.4,5,4,0,1
studio_4,G16,S007,759.3,60,2,12.7,37.8,38.4,19,7,11,4
studio_4,G16,S052,489.8,30,3,16.3,38.4,55.6,14,11,0,3
studio_4,G16,S070,729.6,47,4,15.5,35.7,55.9,12,11,1,3
studio_4,G16,S080,484.4,46,1,10.5,36.8,57.1,10,4,6,1
studio_4,G16,S109,218.9,17,2,12.9,34.0,54.3,4,10,2,5
studio_4,G17,S016,106.7,1,3,106.7,38.3,55.7,8,3,8,1
studio_4,G17,S035,2275.8,159,8,14.3,53.7,40.3,36,5,2,0
studio_4,G17,S062,47.1,3,1,15.7,36.3,55.9,10,12,8,4
studio_4,G17,S086,69.5,4,0,17.4,36.9,57.1,3,9,2,4
studio_4,G17,S099,489.1,27,3,18.1,33.3,60.7,9,8,1,1
studio_4,G18,S004,174.8,8,2,21.8,45.6,47.4,11,11,6,4
studio_4,G18,S054,589.9,32,1,18.4,25.8,63.4,9,4,4,0
studio_4,G18,S069,698.5,59,2,11.8,39.3,49.4,16,3,8,0
studio_4,G18,S075,723.2,59,5,12.3,57.1,36.9,16,7,1,2
studio_4,G18,S101,853.9,66,2,12.9,40.2,53.8,18,5,2,2
studio_4,G19,S003,400.7,30,3,13.4,36.9,55.0,11,8,0,1
studio_4,G19,S008,464.9,34,0,13.7,25.8,48.2,10,5,9,3
studio_4,G19,S018,893.8,66,1,13.5,43.7,43.4,16,8,7,4
studio_4,G19,S042,475.2,27,0,17.6,39.6,54.4,17,6,6,2
studio_4,G19,S066,776.0,42,3,18.5,48.8,35.4,13,7,5,3
studio_4,G20,S089,218.1,26,3,8.4,34.6,59.4,5,8,5,3
studio_4,G20,S112,461.9,47,1,9.8,45.1,43.9,12,11,0,2
studio_4,G20,S113,111.9,14,2,8.0,39.3,41.6,6,9,9,5
studio_4,G20,S117,495.6,44,3,11.3,33.6,59.5,8,3,2,1
studio_4,G20,S119,1343.9,103,5,13.0,50.1,40.7,22,10,0,5
studio_4,G21,S085,663.2,35,5,18.9,38.5,51.4,16,4,4,0
studio_4,G21,S094,570.5,25,4,22.8,36.5,50.7,5,5,9,3
studio_4,G21,S098,781.4,36,3,21.7,34.3,53.1,21,14,4,6
studio_4,G21,S111,627.9,39,4,16.1,37.2,49.6,16,8,8,3
studio_4,G21,S115,443.5,28,1,15.8,27.7,66.3,14,3,4,2
studio_4,G22,S027,214.2,14,1,15.3,45.0,43.7,8,10,8,5
studio_4,G22,S093,510.2,25,2,20.4,42.0,50.1,10,8,4,3
studio_4,G22,S096,1334.3,70,10,19.1,52.8,39.4,26,8,0,3
studio_4,G22,S097,541.0,32,0,16.9,41.5,52.5,9,8,0,2
studio_4,G22,S110,610.4,28,4,21.8,36.1,50.6,11,8,10,2
studio_4,G23,S024,1033.4,76,0,13.6,37.0,50.0,26,10,1,4
studio_4,G23,S040,320.9,14,0,22.9,39.5,49.6,6,4,4,2
studio_4,G23,S049,961.8,67,4,14.4,33.1,59.8,14,4,1,0
studio_4,G23,S106,333.2,24,0,13.9,37.9,48.0,11,8,1,2
studio_4,G23,S114,316.8,25,0,12.7,31.5,58.5,7,11,5,6
studio_4,G24,S005,587.3,20,1,29.4,31.9,62.1,11,1,5,0
studio_4,G24,S028,846.5,44,1,19.2,39.8,54.2,17,7,3,4
studio_4,G24,S041,885.3,41,4,21.6,36.2,46.1,13,2,1,2
studio_4,G24,S048,168.7,11,1,15.3,26.9,54.5,3,5,4,1
studio_4,G24,S060,1312.3,61,2,21.5,44.3,32.4,16,4,0,1
studio_5,G01,S030,193.0,4,0,48.2,39.3,54.7,13,5,2,1
studio_5,G01,S033,740.2,32,10,23.1,39.6,53.7,14,8,2,4
studio_5,G01,S038,12.0,1,0,12.0,25.1,48.0,3,11,3,8
studio_5,G01,S056,350.8,17,0,20.6,38.3,52.5,10,8,4,3
studio_5,G01,S076,2053.9,108,5,19.0,47.0,42.3,31,5,3,1
studio_5,G02,S017,631.9,56,4,11.3,39.2,54.0,9,8,4,2
studio_5,G02,S019,225.1,21,0,10.7,28.8,65.2,13,4,4,1
studio_5,G02,S026,142.6,8,2,17.8,41.0,53.0,8,4,1,1
studio_5,G02,S064,1224.7,88,6,13.9,44.4,48.5,18,5,6,2
studio_5,G02,S120,1000.8,69,5,14.5,37.1,56.6,22,8,6,4
studio_5,G03,S023,76.6,2,0,38.3,34.5,50.4,4,3,4,1
studio_5,G03,S037,270.8,26,4,10.4,34.3,59.7,9,10,4,2
studio_5,G03,S055,759.3,59,3,12.9,44.5,49.5,18,7,5,1
studio_5,G03,S079,1184.4,97,3,12.2,53.9,40.1,16,4,2,2
studio_5,G03,S100,747.0,46,5,16.2,39.0,42.4,19,10,0,4
studio_5,G04,S002,332.9,19,0,17.5,34.7,59.3,14,6,1,1
studio_5,G04,S050,221.2,7,4,31.6,41.1,45.5,8,8,0,1
studio_5,G04,S087,29.2,4,1,7.3,25.9,56.3,4,3,3,2
studio_5,G04,S090,2400.7,107,10,22.4,51.9,42.1,52,6,5,2
studio_5,G04,S102,6.5,1,0,6.5,32.9,52.4,5,5,8,1
studio_5,G05,S025,747.2,50,1,14.9,47.4,45.1,13,13,4,3
studio_5,G05,S043,472.8,31,3,15.3,26.1,60.1,13,2,4,0
studio_5,G05,S051,115.5,9,2,12.8,30.0,56.5,5,5,5,3
studio_5,G05,S107,1127.2,84,5,13.4,42.0,52.0,19,5,7,1
studio_5,G05,S118,841.6,48,4,17.5,31.2,46.3,22,11,3,1
studio_5,G06,S011,1315.6,59,2,22.3,55.8,36.2,18,7,2,4
studio_5,G06,S045,346.8,19,1,18.3,47.2,40.7,8,4,6,1
studio_5,G06,S053,866.7,48,6,18.1,38.8,52.1,15,6,2,3
studio_5,G06,S073,18.9,1,1,18.9,24.3,59.6,7,4,5,3
studio_5,G06,S116,635.7,39,3,16.3,32.1,59.8,11,5,1,3
studio_5,G07,S001,938.2,52,3,18.0,41.1,52.9,22,4,2,2
studio_5,G07,S010,1071.8,76,3,14.1,43.3,50.7,22,13,2,5
studio_5,G07,S044,627.4,45,3,13.9,47.3,46.6,13,1,4,0
studio_5,G07,S063,133.7,12,4,11.1,33.7,58.0,6,8,3,3
studio_5,G07,S071,177.7,8,0,22.2,36.0,43.1,12,8,1,3
studio_5,G08,S021,1345.0,56,2,24.0,40.0,54.0,26,6,1,2
studio_5,G08,S047,72.4,3,1,24.1,35.5,58.5,8,8,0,1
studio_5,G08,S068,732.9,49,2,15.0,43.9,50.1,14,12,9,4
studio_5,G08,S088,386.5,15,1,25.8,46.2,47.8,13,6,0,2
studio_5,G08,S108,892.8,42,5,21.3,29.6,49.7,9,5,10,3
studio_5,G09,S029,314.9,25,0,12.6,37.0,44.1,8,2,3,2
studio_5,G09,S036,301.6,18,1,16.8,20.0,60.8,11,6,8,2
studio_5,G09,S067,660.7,44,2,15.0,47.0,38.4,14,2,3,0
studio_5,G09,S077,1176.6,131,7,9.0,49.7,44.3,19,11,1,1
studio_5,G09,S082,530.0,43,4,12.3,40.5,51.3,14,14,0,3
studio_5,G10,S009,744.0,34,2,21.9,38.7,44.9,23,13,3,7
studio_5,G10,S015,116.2,8,2,14.5,31.7,57.6,8,6,12,3
studio_5,G10,S078,216.5,9,2,24.1,34.6,59.4,6,10,5,4
studio_5,G10,S083,1381.7,65,3,21.3,36.8,44.5,23,8,3,3
studio_5,G10,S103,263.2,15,3,17.5,38.8,52.0,11,3,3,1
studio_5,G11,S046,22.3,1,0,22.3,29.8,61.2,6,9,0,1
studio_5,G11,S058,13.8,1,2,13.8,44.8,43.6,7,9,2,2
studio_5,G11,S081,1244.8,105,9,11.9,43.9,50.1,17,10,2,4
studio_5,G11,S092,1821.1,109,4,16.7,43.2,50.1,19,10,10,3
studio_5,G11,S105,85.1,5,0,17.0,32.4,61.6,3,2,0,0
studio_5,G12,S013,458.5,32,0,14.3,35.9,54.1,8,8,9,3
studio_5,G12,S057,1151.6,79,7,14.6,42.4,49.8,21,6,2,3
studio_5,G12,S059,365.8,22,3,16.6,33.2,57.2,11,1,0,1
studio_5,G12,S084,604.8,39,2,15.5,42.8,37.9,7,6,3,0
studio_5,G12,S095,593.4,35,4,17.0,39.9,51.9,16,10,6,6
studio_5,G13,S012,353.4,26,2,13.6,38.2,55.6,12,11,5,1
studio_5,G13,S022,5.3,1,0,5.3,47.5,38.5,9,11,3,3
studio_5,G13,S061,683.2,50,1,13.7,37.5,56.5,10,7,3,2
studio_5,G13,S072,1254.8,93,5,13.5,40.0,48.3,21,7,2,4
studio_5,G13,S091,839.4,67,1,12.5,39.8,50.0,22,3,4,1
studio_5,G14,S031,53.9,10,1,5.4,19.9,55.3,2,13,0,3
studio_5,G14,S039,1209.3,63,3,19.2,39.5,45.3,20,12,5,5
studio_5,G14,S065,1359.0,82,5,16.6,52.6,41.4,16,9,5,3
studio_5,G14,S074,310.3,14,1,22.2,32.3,41.3,13,4,6,2
studio_5,G14,S104,343.4,27,0,12.7,33.5,58.8,10,0,2,0
studio_5,G15,S006,256.9,28,2,9.2,31.3,52.0,8,19,6,4
studio_5,G15,S014,995.6,80,4,12.4,45.4,38.2,26,6,2,2
studio_5,G15,S020,816.9,62,2,13.2,29.9,62.2,23,10,7,2
studio_5,G15,S032,293.3,17,0,17.3,47.0,47.0,14,13,12,4
studio_5,G15,S034,501.6,44,4,11.4,41.4,49.7,12,2,1,0
studio_5,G16,S007,822.3,53,5,15.5,33.1,60.9,18,10,8,3
studio_5,G16,S052,393.4,20,2,19.7,38.3,45.8,12,13,0,5
studio_5,G16,S070,1049.6,76,3,13.8,40.1,53.9,15,18,0,6
studio_5,G16,S080,858.5,60,2,14.3,46.0,48.0,12,3,2,2
studio_5,G16,S109,292.6,25,1,11.7,34.8,55.7,5,11,1,5
studio_5,G17,S016,830.0,68,0,12.2,38.5,53.5,19,2,5,0
studio_5,G17,S035,1398.9,109,4,12.8,41.8,47.6,30,8,0,4
studio_5,G17,S062,176.9,11,1,16.1,44.3,42.5,8,13,11,6
studio_5,G17,S086,315.8,31,1,10.2,40.4,53.2,13,8,2,3
studio_5,G17,S099,303.1,21,2,14.4,39.0,53.4,7,10,2,1
studio_5,G18,S004,160.3,12,2,13.4,43.0,51.0,10,9,4,2
studio_5,G18,S054,433.2,27,2,16.0,27.8,64.0,11,1,0,1
studio_5,G18,S069,1040.8,74,6,14.1,38.5,54.7,18,6,8,2
studio_5,G18,S075,686.5,56,2,12.3,29.6,59.3,8,4,1,1
studio_5,G18,S101,828.9,64,3,13.0,32.2,61.8,16,3,2,2
studio_5,G19,S003,364.1,28,3,13.0,43.7,46.6,10,4,1,1
studio_5,G19,S008,160.7,18,1,8.9,25.1,58.2,7,3,4,0
studio_5,G19,S018,1023.8,75,4,13.7,46.6,45.4,12,7,6,2
studio_5,G19,S042,310.8,24,1,13.0,36.9,57.1,11,4,1,0
studio_5,G19,S066,1029.0,81,3,12.7,36.0,58.0,18,10,3,3
studio_5,G20,S089,360.6,26,0,13.9,41.5,36.9,8,7,10,2
studio_5,G20,S112,516.9,26,5,19.9,35.6,58.4,12,12,0,1
studio_5,G20,S113,274.1,15,2,18.3,31.4,59.3,12,16,9,4
studio_5,G20,S117,820.3,46,4,17.8,45.2,42.3,19,4,3,2
studio_5,G20,S119,765.4,53,2,14.4,44.2,49.8,17,13,0,2
studio_5,G21,S085,755.0,45,3,16.8,40.4,53.6,12,4,3,2
studio_5,G21,S094,516.2,38,2,13.6,50.9,41.2,14,9,3,3
studio_5,G21,S098,764.8,52,3,14.7,37.4,56.6,12,14,6,5
studio_5,G21,S111,517.0,21,5,24.6,50.9,43.1,17,3,0,2
studio_5,G21,S115,169.6,10,2,17.0,27.3,62.8,12,8,10,2
studio_5,G22,S027,144.3,9,1,16.0,43.2,49.8,9,9,8,4
studio_5,G22,S093,1157.5,57,4,20.3,39.8,40.2,20,13,5,7
studio_5,G22,S096,1025.2,57,3,18.0,32.9,55.8,19,14,3,4
studio_5,G22,S097,758.4,29,0,26.2,42.7,51.3,17,5,1,2
studio_5,G22,S110,431.8,20,3,21.6,34.1,48.3,9,10,6,6
studio_5,G23,S024,1059.5,55,1,19.3,43.7,48.6,21,7,0,3
studio_5,G23,S040,216.3,6,1,36.1,37.4,51.1,12,5,1,2
studio_5,G23,S049,1011.9,47,0,21.5,34.3,55.6,12,4,3,2
studio_5,G23,S106,801.1,38,3,21.1,39.1,54.5,8,6,3,2
studio_5,G23,S114,380.5,21,1,18.1,44.6,49.4,12,20,6,7
studio_5,G24,S005,685.2,59,3,11.6,40.6,45.4,20,5,3,1
studio_5,G24,S028,251.6,23,3,10.9,43.9,50.1,7,9,9,2
studio_5,G24,S041,874.2,85,4,10.3,45.1,48.9,29,4,2,2
studio_5,G24,S048,36.9,3,0,12.3,40.9,53.1,8,7,4,4
studio_5,G24,S060,849.4,75,2,11.3,40.3,53.7,22,12,1,5
studio_6,G01,S030,1434.1,89,3,16.1,52.2,41.0,22,4,4,2
studio_6,G01,S033,1092.7,67,2,16.3,48.8,45.2,18,5,1,3
studio_6,G01,S038,20.0,1,0,20.0,31.5,62.5,6,10,3,6
studio_6,G01,S056,536.0,27,2,19.9,43.0,51.0,11,7,3,2
studio_6,G01,S076,210.8,12,0,17.6,39.5,54.5,13,0,2,0
studio_6,G02,S017,1124.0,55,2,20.4,31.9,61.9,21,9,10,6
studio_6,G02,S019,1008.1,42,3,24.0,45.5,48.5,20,5,3,0
studio_6,G02,S026,355.3,19,1,18.7,29.1,64.9,9,4,3,0
studio_6,G02,S064,88.2,8,0,11.0,46.3,47.7,5,5,5,1
studio_6,G02,S120,819.3,33,1,24.8,44.1,49.9,11,0,4,0
studio_6,G03,S023,255.9,25,0,10.2,25.9,50.0,6,10,4,4
studio_6,G03,S037,204.9,19,0,10.8,39.3,47.4,5,9,1,4
studio_6,G03,S055,759.0,64,4,11.9,47.2,41.0,9,4,0,1
studio_6,G03,S079,977.0,76,2,12.9,42.3,40.1,20,5,2,4
studio_6,G03,S100,844.9,72,4,11.7,35.4,47.2,22,7,0,2
studio_6,G04,S002,814.5,36,2,22.6,39.4,54.6,6,5,2,2
studio_6,G04,S050,122.3,10,0,12.2,41.2,40.9,6,6,2,4
studio_6,G04,S087,34.8,1,1,34.8,25.7,68.3,3,1,6,0
studio_6,G04,S090,2146.4,124,4,17.3,52.7,41.3,36,10,2,2
studio_6,G04,S102,177.4,8,2,22.2,34.0,57.2,1,5,5,2
studio_6,G05,S025,700.5,43,2,16.3,45.6,37.7,15,10,6,2
studio_6,G05,S043,49.4,1,1,49.4,32.1,51.0,5,3,1,1
studio_6,G05,S051,506.5,31,1,16.3,45.1,48.9,14,3,1,1
studio_6,G05,S107,1184.6,81,3,14.6,38.8,55.2,22,8,9,4
studio_6,G05,S118,458.9,30,2,15.3,29.9,63.1,10,13,5,8
studio_6,G06,S011,558.8,30,4,18.6,35.2,58.8,13,1,1,0
studio_6,G06,S045,1220.7,59,5,20.7,44.2,49.8,22,4,3,2
studio_6,G06,S053,482.7,26,3,18.6,32.5,50.5,11,7,4,1
studio_6,G06,S073,772.3,37,2,20.9,47.8,46.2,15,5,4,2
studio_6,G06,S116,351.5,16,3,22.0,45.8,48.2,15,7,6,2
studio_6,G07,S001,1538.8,106,5,14.5,41.2,49.9,22,5,1,2
studio_6,G07,S010,676.7,51,1,13.3,29.6,58.5,13,10,4,3
studio_6,G07,S044,350.5,23,3,15.2,36.4,53.1,10,4,13,1
studio_6,G07,S063,90.0,3,1,30.0,23.1,47.2,5,3,2,1
studio_6,G07,S071,278.9,13,0,21.5,37.6,50.5,5,2,1,0
studio_6,G08,S021,1056.6,49,4,21.6,40.7,44.4,21,4,1,1
studio_6,G08,S047,175.2,8,4,21.9,39.3,48.6,4,11,1,5
studio_6,G08,S068,746.6,58,2,12.9,48.2,45.8,14,10,5,4
studio_6,G08,S088,866.7,47,0,18.4,41.1,50.5,20,5,1,3
studio_6,G08,S108,519.6,36,0,14.4,31.7,47.2,14,8,10,4
studio_6,G09,S029,232.5,20,1,11.6,31.6,61.4,5,4,1,2
studio_6,G09,S036,272.4,21,3,13.0,34.6,59.4,10,11,5,5
studio_6,G09,S067,606.3,41,3,14.8,35.9,41.1,6,5,1,3
studio_6,G09,S077,1297.6,128,3,10.1,49.9,44.1,30,4,1,2
studio_6,G09,S082,587.7,45,2,13.1,41.0,53.0,11,10,0,5
studio_6,G10,S009,842.1,32,4,26.3,35.0,41.9,15,15,3,6
studio_6,G10,S015,108.2,4,0,27.0,23.0,65.9,8,6,5,2
studio_6,G10,S078,324.1,13,3,24.9,33.4,60.6,7,10,5,6
studio_6,G10,S083,1257.3,70,5,18.0,43.0,51.0,21,7,5,1
studio_6,G10,S103,690.5,21,2,32.9,28.4,59.7,10,6,6,1
studio_6,G11,S046,1278.5,81,1,15.8,41.7,46.1,28,4,3,2
studio_6,G11,S058,13.0,2,1,6.5,24.6,68.4,2,3,1,0
studio_6,G11,S081,1606.7,100,6,16.1,42.7,51.3,28,13,3,6
studio_6,G11,S092,307.4,16,2,19.2,39.8,49.2,12,9,11,3
studio_6,G11,S105,13.0,1,1,13.0,31.0,54.2,4,2,1,0
studio_6,G12,S013,956.0,37,3,25.8,51.7,42.3,15,6,4,5
studio_6,G12,S057,699.0,37,6,18.9,40.6,50.1,9,4,3,2
studio_6,G12,S059,250.9,12,1,20.9,29.9,54.6,7,4,3,2
studio_6,G12,S084,694.6,33,5,21.0,44.9,49.1,18,4,1,2
studio_6,G12,S095,457.8,21,1,21.8,39.4,44.7,14,8,2,1
studio_6,G13,S012,172.0,12,0,14.3,29.2,56.2,6,8,9,2
studio_6,G13,S022,301.5,17,2,17.7,33.8,58.7,7,11,2,6
studio_6,G13,S061,664.1,46,3,14.4,34.8,56.7,20,8,4,2
studio_6,G13,S072,982.4,68,5,14.4,33.3,41.4,25,2,0,1
studio_6,G13,S091,867.4,56,0,15.5,34.7,59.3,17,6,0,1
studio_6,G14,S031,383.6,25,6,15.3,30.5,56.2,10,6,0,2
studio_6,G14,S039,974.6,72,4,13.5,48.8,45.2,21,20,6,7
studio_6,G14,S065,1077.0,72,1,15.0,36.1,50.7,23,7,3,2
studio_6,G14,S074,172.8,11,1,15.7,44.3,49.7,15,10,4,6
studio_6,G14,S104,448.2,43,1,10.4,39.2,47.2,6,5,1,1
studio_6,G15,S006,651.2,37,3,17.6,39.8,54.2,23,19,4,10
studio_6,G15,S014,1065.1,55,10,19.4,43.1,46.8,28,3,3,1
studio_6,G15,S020,258.9,15,3,17.3,43.4,50.6,4,8,6,3
studio_6,G15,S032,899.4,53,3,17.0,43.5,50.5,19,13,4,3
studio_6,G15,S034,324.1,15,1,21.6,29.1,57.9,11,4,1,4
studio_6,G16,S007,700.9,49,2,14.3,47.2,36.8,16,8,6,3
studio_6,G16,S052,450.6,29,3,15.5,35.1,46.1,13,17,0,5
studio_6,G16,S070,1188.7,74,6,16.1,43.1,50.9,21,10,0,5
studio_6,G16,S080,526.6,30,2,17.6,38.7,48.6,10,5,3,0
studio_6,G16,S109,270.3,20,2,13.5,37.4,56.6,7,6,2,1
studio_6,G17,S016,494.9,52,1,9.5,36.0,46.8,13,7,8,5
studio_6,G17,S035,1228.0,107,6,11.5,50.5,43.5,25,4,3,2
studio_6,G17,S062,511.4,39,1,13.1,35.5,54.8,17,11,7,5
studio_6,G17,S086,204.5,17,1,12.0,30.3,63.7,9,5,6,3
studio_6,G17,S099,405.3,32,0,12.7,26.5,43.1,6,6,5,4
studio_6,G18,S004,154.8,10,0,15.5,38.2,55.8,4,4,8,0
studio_6,G18,S054,570.2,32,3,17.8,39.1,43.1,15,1,2,0
studio_6,G18,S069,1010.5,69,4,14.6,35.3,49.7,26,7,5,3
studio_6,G18,S075,311.5,15,4,20.8,38.7,55.3,8,7,0,0
studio_6,G18,S101,824.5,50,6,16.5,40.6,45.3,11,7,6,1
studio_6,G19,S003,19.4,1,2,19.4,21.0,61.1,5,5,1,3
studio_6,G19,S008,173.8,12,0,14.5,34.3,59.7,2,2,3,1
studio_6,G19,S018,815.4,58,5,14.1,35.1,58.9,15,6,6,2
studio_6,G19,S042,1511.7,102,4,14.8,52.6,41.4,18,4,5,1
studio_6,G19,S066,576.1,42,0,13.7,37.8,56.2,11,10,6,3
studio_6,G20,S089,367.3,19,0,19.3,39.6,48.1,9,4,5,0
studio_6,G20,S112,534.7,36,2,14.9,30.2,63.8,8,9,2,4
studio_6,G20,S113,235.1,12,1,19.6,36.0,49.9,4,9,4,2
studio_6,G20,S117,497.8,36,2,13.8,36.8,57.2,8,6,0,3
studio_6,G20,S119,1249.2,70,3,17.8,32.6,61.4,25,10,0,5
studio_6,G21,S085,636.7,39,4,16.3,30.3,63.7,11,1,3,1
studio_6,G21,S094,817.8,43,2,19.0,43.5,50.5,12,3,1,2
studio_6,G21,S098,951.4,49,3,19.4,49.5,44.5,18,12,6,3
studio_6,G21,S111,296.6,19,2,15.6,34.7,59.2,6,8,3,5
studio_6,G21,S115,398.7,14,2,28.5,37.6,53.0,8,8,5,4
studio_6,G22,S027,451.2,33,2,13.7,41.6,43.9,12,10,6,3
studio_6,G22,S093,387.9,29,2,13.4,42.9,51.1,7,12,5,6
studio_6,G22,S096,946.6,52,5,18.2,53.2,40.8,23,9,1,2
studio_6,G22,S097,320.0,21,2,15.2,33.9,60.1,9,1,1,0
studio_6,G22,S110,898.5,38,2,23.6,42.5,44.7,14,3,7,2
studio_6,G23,S024,1186.7,41,8,28.9,46.9,37.5,19,12,4,3
studio_6,G23,S040,173.4,9,0,19.3,42.3,51.7,7,6,7,0
studio_6,G23,S049,906.3,58,3,15.6,46.1,47.9,14,3,5,1
studio_6,G23,S106,467.9,24,1,19.5,35.7,45.9,7,11,7,7
studio_6,G23,S114,369.1,20,1,18.5,29.4,59.9,6,14,5,4
studio_6,G24,S005,406.0,27,5,15.0,25.2,64.1,12,2,8,1
studio_6,G24,S028,267.1,14,4,19.1,35.2,58.8,10,8,8,5
studio_6,G24,S041,660.2,26,1,25.4,38.5,55.5,14,5,1,1
studio_6,G24,S048,857.4,60,6,14.3,39.1,45.5,22,9,4,4
studio_6,G24,S060,939.5,60,3,15.7,48.2,45.8,15,5,0,3
studio_7,G01,S030,1424.1,106,5,13.4,49.6,39.4,22,6,7,3
studio_7,G01,S033,77.9,3,0,26.0,27.8,49.5,7,3,4,2
studio_7,G01,S038,28.2,3,1,9.4,25.8,47.6,6,8,3,7
studio_7,G01,S056,604.1,67,1,9.0,26.4,54.6,15,7,4,2
studio_7,G01,S076,564.2,35,5,16.1,33.3,56.0,10,1,2,0
studio_7,G02,S017,1151.5,76,3,15.2,33.6,60.4,19,6,3,0
studio_7,G02,S019,451.6,26,3,17.4,36.1,56.0,9,3,8,1
studio_7,G02,S026,304.1,25,1,12.2,27.0,58.7,9,3,3,1
studio_7,G02,S064,544.3,41,1,13.3,39.2,44.3,6,2,0,1
studio_7,G02,S120,798.3,60,0,13.3,39.0,55.0,17,5,3,1
studio_7,G03,S023,31.8,3,1,10.6,28.8,61.1,10,8,6,5
studio_7,G03,S037,98.5,8,1,12.3,36.4,50.1,9,4,4,2
studio_7,G03,S055,1261.2,80,1,15.8,45.4,48.5,19,8,3,5
studio_7,G03,S079,1154.1,64,1,18.0,35.4,58.6,16,5,7,2
studio_7,G03,S100,825.2,45,4,18.3,27.9,66.1,16,9,1,2
studio_7,G04,S002,428.0,45,2,9.5,38.6,52.4,11,6,1,2
studio_7,G04,S050,229.8,25,2,9.2,41.3,50.1,9,8,5,4
studio_7,G04,S087,16.4,1,0,16.4,29.9,53.4,4,4,6,3
studio_7,G04,S090,2111.2,188,8,11.2,57.2,36.8,31,7,10,3
studio_7,G04,S102,193.9,15,4,12.9,33.3,48.2,4,2,7,1
studio_7,G05,S025,1270.7,85,7,14.9,42.9,51.1,16,5,3,3
studio_7,G05,S043,21.3,1,1,21.3,35.5,53.5,5,4,3,2
studio_7,G05,S051,388.9,32,5,12.2,37.5,51.5,10,3,2,0
studio_7,G05,S107,704.6,67,10,10.5,34.3,53.4,27,6,4,3
studio_7,G05,S118,303.4,16,0,19.0,33.6,54.9,12,6,7,1
studio_7,G06,S011,543.6,23,1,23.6,35.1,58.9,8,3,3,1
studio_7,G06,S045,1565.6,79,4,19.8,50.8,43.2,16,7,2,1
studio_7,G06,S053,334.4,15,2,22.3,44.6,44.7,14,6,5,1
studio_7,G06,S073,905.5,46,3,19.7,39.4,54.6,18,5,4,1
studio_7,G06,S116,75.6,4,1,18.9,35.4,58.6,15,8,4,4
studio_7,G07,S001,841.8,61,4,13.8,43.1,48.4,26,4,0,3
studio_7,G07,S010,670.3,39,4,17.2,46.3,47.7,14,9,3,5
studio_7,G07,S044,447.9,35,1,12.8,35.6,58.4,13,3,8,1
studio_7,G07,S063,282.2,21,1,13.4,40.2,45.7,8,0,1,0
studio_7,G07,S071,344.6,24,1,14.4,39.5,54.5,15,4,1,3
studio_7,G08,S021,1552.1,125,9,12.4,48.9,43.6,22,7,0,4
studio_7,G08,S047,167.5,9,1,18.6,37.1,49.8,7,7,3,4
studio_7,G08,S068,710.5,65,0,10.9,48.1,45.9,10,10,3,6
studio_7,G08,S088,332.3,23,2,14.4,22.9,65.1,12,4,3,1
studio_7,G08,S108,140.4,13,1,10.8,28.7,64.8,8,2,7,1
studio_7,G09,S029,359.2,34,2,10.6,34.1,49.0,4,2,6,1
studio_7,G09,S036,713.7,67,3,10.7,30.6,51.1,16,6,3,4
studio_7,G09,S067,681.2,50,2,13.6,45.9,48.1,11,5,1,2
studio_7,G09,S077,827.3,58,4,14.3,38.2,52.4,22,5,2,2
studio_7,G09,S082,526.7,42,2,12.5,30.7,63.1,13,5,0,1
studio_7,G10,S009,1446.1,83,4,17.4,51.8,42.2,25,5,5,3
studio_7,G10,S015,70.6,2,0,35.3,37.9,44.6,0,4,6,4
studio_7,G10,S078,141.6,6,1,23.6,39.1,49.2,6,5,7,1
studio_7,G10,S083,1119.9,59,3,19.0,44.7,49.3,21,4,5,1
studio_7,G10,S103,172.1,11,2,15.6,39.3,54.7,9,3,4,1
studio_7,G11,S046,1140.7,53,6,21.5,45.6,38.4,28,3,0,3
studio_7,G11,S058,46.6,5,0,9.3,44.3,43.7,5,7,2,1
studio_7,G11,S081,1658.0,72,3,23.0,48.0,46.0,32,8,7,1
studio_7,G11,S092,105.9,8,1,13.2,28.4,58.5,8,5,7,0
studio_7,G11,S105,300.7,16,0,18.8,37.6,56.4,11,5,0,3
studio_7,G12,S013,1113.5,80,7,13.9,45.8,43.4,19,5,3,2
studio_7,G12,S057,886.4,68,2,13.0,32.0,47.6,21,13,4,3
studio_7,G12,S059,444.8,37,0,12.0,31.0,63.0,9,2,2,0
studio_7,G12,S084,480.2,43,1,11.2,41.5,52.4,10,7,0,1
studio_7,G12,S095,280.3,22,1,12.7,42.7,51.3,6,3,5,1
studio_7,G13,S012,113.1,4,0,28.3,37.0,49.2,10,4,6,2
studio_7,G13,S022,256.5,24,2,10.7,28.9,53.5,9,8,3,5
studio_7,G13,S061,646.1,37,0,17.5,41.8,50.1,11,4,5,2
studio_7,G13,S072,1413.7,95,2,14.9,44.9,41.4,21,5,2,3
studio_7,G13,S091,621.2,33,4,18.8,36.6,45.9,10,4,4,1
studio_7,G14,S031,179.9,16,1,11.2,30.5,49.5,7,8,2,6
studio_7,G14,S039,1620.2,124,8,13.1,48.5,45.5,30,12,4,6
studio_7,G14,S065,1035.3,66,2,15.7,39.2,47.5,19,5,4,2
studio_7,G14,S074,308.0,22,2,14.0,35.2,48.2,10,6,6,1
studio_7,G14,S104,6.8,2,0,3.4,33.3,48.6,6,4,1,2
studio_7,G15,S006,1094.9,71,6,15.4,49.8,39.0,14,12,11,7
studio_7,G15,S014,1108.2,90,3,12.3,46.4,46.5,16,11,2,4
studio_7,G15,S020,365.9,34,1,10.8,30.9,51.3,7,4,4,2
studio_7,G15,S032,255.1,14,1,18.2,39.3,53.6,11,5,6,2
studio_7,G15,S034,261.5,24,3,10.9,43.9,41.2,7,6,0,4
studio_7,G16,S007,469.0,49,0,9.6,34.7,56.2,13,6,9,2
studio_7,G16,S052,107.3,10,1,10.7,35.7,43.6,4,18,0,6
studio_7,G16,S070,1324.4,115,4,11.5,44.5,49.5,22,15,2,5
studio_7,G16,S080,464.0,39,1,11.9,41.2,44.4,16,6,8,1
studio_7,G16,S109,403.8,33,0,12.2,36.0,58.0,16,10,0,2
studio_7,G17,S016,439.3,39,4,11.3,29.0,59.8,14,3,8,1
studio_7,G17,S035,981.3,61,5,16.1,41.8,52.2,18,3,0,1
studio_7,G17,S062,520.0,46,1,11.3,36.2,44.4,16,7,11,2
studio_7,G17,S086,932.6,83,1,11.2,35.4,54.1,22,6,6,2
studio_7,G17,S099,347.7,30,2,11.6,38.6,48.0,7,7,7,1
studio_7,G18,S004,277.2,12,0,23.1,43.5,50.5,12,4,3,3
studio_7,G18,S054,474.0,34,2,13.9,44.1,42.0,12,3,1,0
studio_7,G18,S069,1321.9,80,5,16.5,50.8,43.2,25,9,11,4
studio_7,G18,S075,306.6,19,1,16.1,29.3,64.4,8,12,1,4
studio_7,G18,S101,510.5,32,1,16.0,37.9,48.2,12,3,5,0
studio_7,G19,S003,11.6,1,0,11.6,22.2,67.0,4,4,0,2
studio_7,G19,S008,151.0,4,0,37.8,23.3,54.3,10,0,6,0
studio_7,G19,S018,856.9,50,2,17.1,41.1,48.2,19,5,4,0
studio_7,G19,S042,207.9,11,1,18.9,39.5,54.5,3,11,1,4
studio_7,G19,S066,1653.8,92,7,18.0,47.1,44.2,34,4,4,1
studio_7,G20,S089,520.1,43,4,12.1,42.4,51.6,14,8,10,3
studio_7,G20,S112,582.5,59,1,9.9,35.4,41.4,13,12,0,4
studio_7,G20,S113,189.3,14,3,13.5,31.2,51.3,9,11,7,2
studio_7,G20,S117,611.8,51,1,12.0,39.5,48.4,15,11,0,2
studio_7,G20,S119,963.2,84,3,11.5,51.8,42.2,26,8,0,3
studio_7,G21,S085,682.1,54,0,12.6,29.4,60.7,9,6,4,2
studio_7,G21,S094,883.3,76,3,11.6,53.1,40.9,19,2,3,1
studio_7,G21,S098,599.3,47,3,12.8,43.5,49.8,20,6,2,2
studio_7,G21,S111,380.6,23,5,16.5,43.0,51.0,15,2,2,0
studio_7,G21,S115,384.4,32,2,12.0,35.3,58.7,12,1,4,1
studio_7,G22,S027,507.6,24,3,21.2,45.8,48.2,13,2,3,1
studio_7,G22,S093,314.3,13,1,24.2,46.1,47.9,12,7,9,3
studio_7,G22,S096,1101.4,52,6,21.2,48.5,41.5,25,8,3,1
studio_7,G22,S097,612.8,25,2,24.5,31.7,59.5,20,3,4,0
studio_7,G22,S110,606.2,26,4,23.3,24.9,53.3,7,3,9,1
studio_7,G23,S024,887.0,53,4,16.7,45.0,46.0,15,3,2,3
studio_7,G23,S040,311.2,18,1,17.3,38.5,54.8,12,12,7,6
studio_7,G23,S049,673.1,30,1,22.4,21.9,68.0,16,6,1,1
studio_7,G23,S106,349.5,23,0,15.2,39.2,54.8,7,7,3,1
studio_7,G23,S114,660.5,32,4,20.6,29.8,53.1,17,12,4,7
studio_7,G24,S005,238.7,12,2,19.9,34.4,57.1,10,4,6,2
studio_7,G24,S028,190.9,12,2,15.9,44.6,48.9,11,7,7,1
studio_7,G24,S041,1055.6,79,7,13.4,49.0,41.5,23,4,1,1
studio_7,G24,S048,382.6,35,1,10.9,39.4,48.6,9,7,4,1
studio_7,G24,S060,1167.1,100,4,11.7,43.5,49.1,13,6,0,2
studio_8,G01,S030,1319.3,91,6,14.5,41.1,47.7,24,2,3,1
studio_8,G01,S033,94.5,9,1,10.5,36.5,53.2,4,5,1,2
studio_8,G01,S038,164.7,14,0,11.8,47.2,40.6,11,11,0,5
studio_8,G01,S056,302.2,25,1,12.1,35.0,59.0,11,5,4,0
studio_8,G01,S076,811.1,41,5,19.8,35.4,58.0,18,1,0,0
studio_8,G02,S017,763.8,41,2,18.6,39.6,48.9,13,9,7,1
studio_8,G02,S019,853.6,49,2,17.4,30.5,53.9,16,2,6,1
studio_8,G02,S026,80.3,2,1,40.2,34.3,57.3,6,4,2,2
studio_8,G02,S064,226.5,9,2,25.2,40.4,53.6,8,0,3,0
studio_8,G02,S120,1097.2,58,3,18.9,48.3,42.3,16,6,5,0
studio_8,G03,S023,225.6,11,1,20.5,44.7,44.5,2,7,4,4
studio_8,G03,S037,319.5,22,2,14.5,27.5,57.6,12,4,1,0
studio_8,G03,S055,1057.1,96,1,11.0,40.9,44.5,15,6,5,0
studio_8,G03,S079,895.1,82,4,10.9,38.6,55.4,17,6,3,1
studio_8,G03,S100,407.5,38,1,10.7,32.4,50.2,11,3,0,0
studio_8,G04,S002,731.5,77,7,9.5,35.8,58.2,17,7,1,3
studio_8,G04,S050,151.6,17,0,8.9,41.7,52.3,13,6,4,5
studio_8,G04,S087,6.8,1,0,6.8,30.7,53.4,7,3,1,1
studio_8,G04,S090,1957.6,162,6,12.1,52.2,36.0,30,5,7,2
studio_8,G04,S102,33.8,3,2,11.3,39.1,52.3,8,1,4,1
studio_8,G05,S025,327.2,17,0,19.2,41.7,52.3,11,7,3,2
studio_8,G05,S043,16.4,1,0,16.4,29.4,53.9,7,6,2,1
studio_8,G05,S051,137.0,8,1,17.1,32.1,61.9,6,2,3,1
studio_8,G05,S107,1852.3,110,4,16.8,57.6,36.4,24,6,4,2
studio_8,G05,S118,829.6,55,2,15.1,40.1,52.8,22,7,5,5
studio_8,G06,S011,573.2,42,1,13.6,39.5,54.5,14,1,2,1
studio_8,G06,S045,345.1,26,3,13.3,41.5,45.9,8,3,0,2
studio_8,G06,S053,637.3,61,1,10.4,33.8,55.1,9,7,2,1
studio_8,G06,S073,796.0,63,3,12.6,44.8,49.2,12,4,2,2
studio_8,G06,S116,356.0,29,0,12.3,42.0,52.0,4,2,5,0
studio_8,G07,S001,1421.8,69,9,20.6,50.0,44.0,21,4,3,0
studio_8,G07,S010,907.8,38,2,23.9,44.2,47.3,17,8,1,1
studio_8,G07,S044,202.9,8,3,25.4,40.4,53.6,7,3,8,1
studio_8,G07,S063,153.3,5,2,30.7,36.5,52.0,9,3,2,2
studio_8,G07,S071,377.4,21,1,18.0,40.9,53.1,14,10,1,5
studio_8,G08,S021,860.7,63,1,13.7,33.9,60.1,14,6,0,3
studio_8,G08,S047,182.3,16,4,11.4,35.8,58.2,5,5,3,0
studio_8,G08,S068,1245.5,95,6,13.1,46.4,45.7,25,10,7,4
studio_8,G08,S088,658.6,65,2,10.1,35.4,45.7,9,8,0,5
studio_8,G08,S108,191.4,18,0,10.6,34.7,58.0,5,5,7,2
studio_8,G09,S029,337.2,18,2,18.7,38.6,46.1,5,1,5,1
studio_8,G09,S036,515.9,30,5,17.2,34.0,51.8,9,8,3,1
studio_8,G09,S067,648.1,33,3,19.6,40.3,50.6,16,2,0,1
studio_8,G09,S077,985.4,52,2,19.0,40.8,47.1,20,4,2,1
studio_8,G09,S082,822.7,35,0,23.5,30.1,63.9,17,6,0,2
studio_8,G10,S009,1327.7,72,3,18.4,46.9,47.1,15,10,4,1
studio_8,G10,S015,101.0,5,3,20.2,32.4,61.6,8,7,6,5
studio_8,G10,S078,744.7,40,1,18.6,35.5,51.4,16,5,12,0
studio_8,G10,S083,841.3,45,3,18.7,42.2,51.8,29,10,7,4
studio_8,G10,S103,84.7,3,1,28.2,36.7,55.3,6,4,6,1
studio_8,G11,S046,690.4,45,3,15.3,44.7,49.3,11,4,2,2
studio_8,G11,S058,14.7,1,0,14.7,41.9,52.1,7,5,1,2
studio_8,G11,S081,1524.8,102,2,14.9,55.1,38.9,33,7,4,2
studio_8,G11,S092,883.0,63,3,14.0,30.2,59.6,20,8,6,3
studio_8,G11,S105,32.8,1,1,32.8,38.1,50.4,7,2,0,0
studio_8,G12,S013,652.1,59,3,11.1,40.1,47.3,18,11,3,6
studio_8,G12,S057,387.5,27,1,14.4,39.5,54.5,10,6,5,1
studio_8,G12,S059,115.5,8,0,14.4,46.2,47.8,8,2,2,1
studio_8,G12,S084,533.8,30,0,17.8,40.9,53.1,16,5,1,2
studio_8,G12,S095,684.2,62,3,11.0,53.3,37.6,16,4,9,0
studio_8,G13,S012,375.9,9,0,41.8,38.9,55.1,10,8,5,1
studio_8,G13,S022,357.1,19,3,18.8,33.4,52.7,13,8,3,6
studio_8,G13,S061,939.4,44,2,21.3,41.1,52.7,13,3,2,0
studio_8,G13,S072,1002.3,48,5,20.9,35.2,54.4,19,6,1,1
studio_8,G13,S091,371.1,17,1,21.8,34.6,57.4,15,2,6,1
studio_8,G14,S031,471.1,27,3,17.4,37.4,56.6,14,4,0,4
studio_8,G14,S039,764.2,54,2,14.2,40.2,53.8,17,11,3,6
studio_8,G14,S065,920.8,88,3,10.5,42.2,51.8,14,10,5,4
studio_8,G14,S074,403.5,37,1,10.9,43.1,50.4,16,0,5,0
studio_8,G14,S104,910.7,61,2,14.9,39.5,43.1,9,5,3,2
studio_8,G15,S006,484.3,45,1,10.8,34.1,56.2,9,7,7,3
studio_8,G15,S014,1389.3,110,7,12.6,57.8,36.2,25,12,5,3
studio_8,G15,S020,234.7,12,0,19.6,42.9,46.7,13,4,4,0
studio_8,G15,S032,495.4,31,3,16.0,40.2,53.8,11,11,1,4
studio_8,G15,S034,470.1,57,3,8.2,39.2,54.8,14,5,1,0
studio_8,G16,S007,608.5,34,0,17.9,38.4,55.6,14,3,4,3
studio_8,G16,S052,214.7,20,5,10.7,39.0,46.4,10,9,1,2
studio_8,G16,S070,1250.4,93,5,13.4,51.3,42.7,17,15,3,5
studio_8,G16,S080,508.2,48,3,10.6,43.1,50.2,17,3,2,1
studio_8,G16,S109,155.4,9,0,17.3,35.6,55.5,7,11,2,5
studio_8,G17,S016,406.9,17,3,23.9,46.4,47.6,7,1,8,1
studio_8,G17,S035,493.1,24,2,20.5,34.7,59.3,11,1,0,1
studio_8,G17,S062,554.5,35,4,15.8,40.9,49.8,12,4,4,1
studio_8,G17,S086,644.6,37,2,17.4,46.6,34.3,17,5,2,3
studio_8,G17,S099,1059.5,56,4,18.9,37.0,49.8,20,7,3,1
studio_8,G18,S004,106.3,12,2,8.9,38.4,53.6,13,3,5,2
studio_8,G18,S054,792.8,67,2,11.8,44.3,49.7,17,2,2,0
studio_8,G18,S069,947.9,62,4,15.3,40.3,53.7,21,7,6,0
studio_8,G18,S075,608.7,32,4,19.0,39.3,54.7,17,5,0,2
studio_8,G18,S101,495.6,28,3,17.7,48.4,45.6,12,2,5,0
studio_8,G19,S003,94.8,5,1,19.0,34.7,54.5,3,5,3,1
studio_8,G19,S008,988.7,51,3,19.4,37.4,54.9,21,3,4,1
studio_8,G19,S018,1318.4,82,7,16.1,41.6,52.4,11,4,5,1
studio_8,G19,S042,225.2,11,2,20.5,29.4,49.8,6,7,1,2
studio_8,G19,S066,722.3,39,4,18.5,50.0,44.0,23,6,4,1
studio_8,G20,S089,391.7,17,3,23.0,39.1,54.9,8,9,8,3
studio_8,G20,S112,308.3,15,2,20.6,39.4,44.5,7,5,1,4
studio_8,G20,S113,171.7,12,1,14.3,24.9,57.1,8,9,5,2
studio_8,G20,S117,1053.1,62,1,17.0,44.5,43.9,20,6,0,1
studio_8,G20,S119,1447.2,83,3,17.4,44.7,49.3,25,6,1,1
studio_8,G21,S085,936.0,78,2,12.0,47.6,46.4,21,5,5,2
studio_8,G21,S094,403.4,36,3,11.2,34.5,52.2,10,3,7,1
studio_8,G21,S098,473.3,38,3,12.5,41.0,48.6,13,8,11,0
studio_8,G21,S111,476.1,41,3,11.6,36.5,56.5,9,2,5,0
studio_8,G21,S115,313.5,23,1,13.6,27.1,53.3,8,5,8,2
studio_8,G22,S027,380.5,16,2,23.8,40.3,45.4,14,8,9,1
studio_8,G22,S093,339.2,22,4,15.4,32.3,52.8,7,5,3,2
studio_8,G22,S096,1201.5,69,3,17.4,44.0,42.4,24,16,6,2
studio_8,G22,S097,490.7,40,5,12.3,26.8,54.0,12,4,1,1
studio_8,G22,S110,891.6,51,4,17.5,48.3,45.7,20,6,8,3
studio_8,G23,S024,648.6,40,4,16.2,37.5,55.1,15,4,3,0
studio_8,G23,S040,487.9,28,2,17.4,31.1,49.9,20,7,7,4
studio_8,G23,S049,777.8,53,1,14.7,39.1,50.6,14,4,6,1
studio_8,G23,S106,672.1,30,3,22.4,43.3,46.8,10,5,6,2
studio_8,G23,S114,447.1,26,2,17.2,39.6,54.4,12,8,4,5
studio_8,G24,S005,524.6,28,2,18.7,39.9,48.7,13,1,1,0
studio_8,G24,S028,378.6,20,2,18.9,36.7,57.3,13,3,5,2
studio_8,G24,S041,567.3,32,0,17.7,40.2,47.7,18,3,3,1
studio_8,G24,S048,439.3,30,2,14.6,33.6,60.4,9,5,1,3
studio_8,G24,S060,1306.9,69,0,18.9,47.3,34.2,26,6,0,4
